Player;Nation;Pos;Age;MP;Starts;Min;90s;Gls;Ast;G+A;G-PK;PK;PKatt;CrdY;CrdR;xG;npxG;xAG;npxG+xAG;PrgC;PrgP;PrgR;G+A-PK;clubs;DomesticTitles;EuropeanTitles;NationalTeamWin;TeamTitles;GoalsPer90;xGPer90;xAPer90;xGContribution;FairPlayScore
Federico Valverde;uy URU;MF,DF;26;35.0;33;2942.0;32.7;6.0;4.0;10.0;6.0;0.0;0.0;4.0;0.0;2.6;2.6;3.1;5.7;65.0;221.0;74.0;0.31;Real Madrid;1.0;1.0;0.0;2.0;0.18354860639021073;0.07953772943575799;0.09483344663494221;0.1743711760707002;6.0
Kylian Mbappé;fr FRA;FW;26;33.0;33;2817.0;31.3;29.0;3.0;32.0;22.0;7.0;8.0;3.0;1.0;23.8;17.4;7.5;24.9;150.0;134.0;370.0;0.8;Real Madrid;1.0;1.0;0.0;2.0;0.926517571884984;0.7603833865814696;0.23961661341853036;1.0;4.0
Thibaut Courtois;be BEL;GK;33;30.0;30;2700.0;30.0;0.0;0.0;0.0;0.0;0.0;0.0;1.0;0.0;0.0;0.0;0.1;0.1;0.0;0.0;0.0;0.0;Real Madrid;0.0;0.0;0.0;0.0;0.0;0.0;0.0033333333333333335;0.0033333333333333335;9.0
Aurélien Tchouaméni;fr FRA;DF,MF;25;31.0;30;2634.0;29.3;0.0;0.0;0.0;0.0;0.0;0.0;5.0;0.0;1.6;1.6;0.6;2.1;19.0;152.0;13.0;0.0;Real Madrid;1.0;1.0;0.0;2.0;0.0;0.054669703872437365;0.02050113895216401;0.07517084282460137;5.0
Jude Bellingham;eng ENG;MF;21;31.0;29;2488.0;27.6;9.0;8.0;17.0;8.0;1.0;2.0;5.0;1.0;11.4;9.9;3.9;13.7;74.0;199.0;143.0;0.58;Real Madrid;1.0;1.0;0.0;2.0;0.3255627009646302;0.41237942122186494;0.1410771704180064;0.5534565916398714;2.0
Antonio Rüdiger;de GER;DF;32;29.0;26;2291.0;25.5;0.0;0.0;0.0;0.0;0.0;0.0;3.0;0.0;1.7;1.7;0.5;2.3;20.0;94.0;4.0;0.0;Real Madrid;0.0;1.0;0.0;1.0;0.0;0.06678306416412047;0.01964207769532955;0.08642514185945002;7.0
Vinicius Júnior;br BRA;FW;24;29.0;24;2217.0;24.6;11.0;7.0;18.0;9.0;2.0;3.0;8.0;1.0;10.2;8.0;7.9;15.9;167.0;82.0;252.0;0.65;Real Madrid;0.0;1.0;0.0;1.0;0.4465493910690122;0.4140730717185385;0.32070365358592695;0.7347767253044656;0.0
Lucas Vázquez;es ESP;DF;33;31.0;24;2113.0;23.5;1.0;5.0;6.0;1.0;0.0;0.0;4.0;0.0;1.4;1.4;4.7;6.1;36.0;98.0;185.0;0.26;Real Madrid;0.0;0.0;0.0;0.0;0.04259346900141978;0.05963085660198769;0.20018930430667298;0.25982016090866067;6.0
Fran Garcia;es ESP;DF;25;30.0;23;2081.0;23.1;0.0;2.0;2.0;0.0;0.0;0.0;0.0;0.0;0.8;0.8;1.8;2.6;75.0;116.0;165.0;0.09;Real Madrid;0.0;0.0;0.0;0.0;0.0;0.03459875060067275;0.07784718885151369;0.11244593945218645;10.0
Rodrygo;br BRA;FW,MF;24;30.0;22;1928.0;21.4;6.0;5.0;11.0;6.0;0.0;0.0;0.0;0.0;4.0;3.9;3.0;6.9;113.0;108.0;253.0;0.51;Real Madrid;1.0;1.0;0.0;2.0;0.2800829875518672;0.18672199170124482;0.1400414937759336;0.32676348547717843;10.0
Raúl Asencio;es ESP;DF;22;22.0;17;1580.0;17.6;0.0;1.0;1.0;0.0;0.0;0.0;3.0;0.0;0.1;0.1;0.5;0.6;5.0;25.0;4.0;0.06;Real Madrid;0.0;0.0;0.0;0.0;0.0;0.00569620253164557;0.028481012658227847;0.03417721518987341;7.0
Luka Modrić;hr CRO;MF;39;34.0;16;1741.0;19.3;2.0;6.0;8.0;2.0;0.0;0.0;7.0;0.0;1.6;1.6;6.9;8.4;58.0;192.0;58.0;0.41;Real Madrid;0.0;1.0;0.0;1.0;0.10338885697874785;0.08271108558299828;0.35669155657668006;0.43940264215967834;3.0
Brahim Díaz;ma MAR;FW,MF;25;30.0;15;1331.0;14.8;4.0;2.0;6.0;4.0;0.0;0.0;0.0;0.0;5.3;5.3;2.9;8.1;39.0;70.0;102.0;0.41;Real Madrid;0.0;0.0;0.0;0.0;0.270473328324568;0.35837716003005254;0.19609316303531177;0.5544703230653643;10.0
Dani Ceballos;es ESP;MF;28;22.0;14;1125.0;12.5;0.0;0.0;0.0;0.0;0.0;0.0;4.0;0.0;0.4;0.4;1.6;2.0;40.0;137.0;16.0;0.0;Real Madrid;0.0;0.0;0.0;0.0;0.0;0.032;0.128;0.16;6.0
Arda Güler;tr TUR;MF,FW;20;27.0;13;1160.0;12.9;3.0;4.0;7.0;3.0;0.0;0.0;1.0;0.0;3.3;3.3;3.8;7.0;33.0;85.0;81.0;0.54;Real Madrid;0.0;0.0;0.0;0.0;0.23275862068965517;0.2560344827586207;0.29482758620689653;0.5508620689655171;9.0
Ferland Mendy;fr FRA;DF;29;14.0;12;1005.0;11.2;0.0;1.0;1.0;0.0;0.0;0.0;1.0;1.0;0.0;0.0;0.5;0.5;12.0;36.0;40.0;0.09;Real Madrid;0.0;0.0;0.0;0.0;0.0;0.0;0.04477611940298508;0.04477611940298508;6.0
Eduardo Camavinga;fr FRA;MF,DF;22;19.0;11;1102.0;12.2;1.0;2.0;3.0;1.0;0.0;0.0;2.0;0.0;0.4;0.4;0.8;1.2;26.0;61.0;31.0;0.25;Real Madrid;1.0;1.0;0.0;2.0;0.08166969147005446;0.03266787658802178;0.06533575317604357;0.09800362976406536;8.0
Éder Militão;br BRA;DF;27;12.0;11;938.0;10.4;1.0;1.0;2.0;1.0;0.0;0.0;2.0;0.0;0.6;0.6;0.5;1.1;7.0;46.0;1.0;0.19;Real Madrid;0.0;0.0;0.0;0.0;0.09594882729211088;0.05756929637526652;0.04797441364605544;0.10554371002132197;8.0
Dani Carvajal;es ESP;DF;33;8.0;7;609.0;6.8;1.0;0.0;1.0;1.0;0.0;0.0;1.0;0.0;1.3;1.3;0.2;1.5;13.0;27.0;48.0;0.15;Real Madrid;1.0;1.0;0.0;2.0;0.1477832512315271;0.19211822660098524;0.02955665024630542;0.22167487684729065;9.0
Andriy Lunin;ua UKR;GK;26;6.0;6;540.0;6.0;0.0;1.0;1.0;0.0;0.0;0.0;0.0;0.0;0.0;0.0;0.9;0.9;0.0;0.0;0.0;0.17;Real Madrid;0.0;1.0;0.0;1.0;0.0;0.0;0.15;0.15;10.0
David Alaba;at AUT;DF;32;7.0;4;317.0;3.5;0.0;0.0;0.0;0.0;0.0;0.0;1.0;0.0;0.0;0.0;0.1;0.1;2.0;7.0;4.0;0.0;Real Madrid;0.0;0.0;0.0;0.0;0.0;0.0;0.028391167192429026;0.028391167192429026;9.0
Endrick;br BRA;FW;18;22.0;3;363.0;4.0;1.0;0.0;1.0;1.0;0.0;0.0;1.0;0.0;2.5;2.5;0.5;3.0;12.0;8.0;32.0;0.25;Real Madrid;0.0;0.0;0.0;0.0;0.24793388429752067;0.6198347107438017;0.12396694214876033;0.7438016528925621;9.0
Jacobo Ramón;es ESP;DF;20;3.0;2;204.0;2.3;1.0;0.0;1.0;1.0;0.0;0.0;1.0;0.0;0.2;0.2;0.2;0.4;0.0;1.0;2.0;0.44;Real Madrid;0.0;0.0;0.0;0.0;0.4411764705882353;0.08823529411764706;0.08823529411764706;0.17647058823529413;9.0
Jesús Vallejo;es ESP;DF;28;3.0;1;103.0;1.1;0.0;1.0;1.0;0.0;0.0;0.0;0.0;0.0;0.0;0.0;0.1;0.1;0.0;5.0;1.0;0.87;Real Madrid;0.0;0.0;0.0;0.0;0.0;0.0;0.08737864077669905;0.08737864077669905;10.0
Fran;es ESP;GK;19;1.0;1;90.0;1.0;0.0;0.0;0.0;0.0;0.0;0.0;0.0;0.0;0.0;0.0;0.0;0.0;0.0;0.0;0.0;0.0;Real Madrid;0.0;0.0;0.0;0.0;0.0;0.0;0.0;0.0;10.0
Gonzalo García;es ESP;DF,FW;21;2.0;0;42.0;0.5;0.0;1.0;1.0;0.0;0.0;0.0;0.0;0.0;0.5;0.5;1.0;1.5;0.0;0.0;3.0;2.14;Real Madrid;0.0;0.0;0.0;0.0;0.0;1.0714285714285714;2.142857142857143;3.2142857142857144;10.0
Víctor Muñoz;es ESP;FW,DF;21;2.0;0;36.0;0.4;0.0;0.0;0.0;0.0;0.0;0.0;0.0;0.0;0.5;0.5;0.0;0.5;3.0;0.0;9.0;0.0;Real Madrid;0.0;0.0;0.0;0.0;0.0;1.25;0.0;1.25;10.0
Chema;es ESP;MF;20;1.0;0;8.0;0.1;0.0;0.0;0.0;0.0;0.0;0.0;0.0;0.0;0.0;0.0;0.0;0.0;0.0;0.0;0.0;0.0;Real Madrid;0.0;0.0;0.0;0.0;0.0;0.0;0.0;0.0;10.0
Lorenzo Aguado;es ESP;DF;22;2.0;0;5.0;0.1;0.0;0.0;0.0;0.0;0.0;0.0;0.0;0.0;0.0;0.0;0.0;0.0;0.0;0.0;0.0;0.0;Real Madrid;0.0;0.0;0.0;0.0;0.0;0.0;0.0;0.0;10.0
Daniel Yáñez;es ESP;FW;18;1.0;0;2.0;0.0;0.0;0.0;0.0;0.0;0.0;0.0;0.0;0.0;0.0;0.0;0.0;0.0;0.0;0.0;0.0;0.0;Real Madrid;0.0;0.0;0.0;0.0;0.0;0.0;0.0;0.0;10.0
Diego Aguado;es ESP;DF;18;0.0;0;0.0;0.0;0.0;0.0;0.0;0.0;0.0;0.0;0.0;0.0;0.0;0.0;0.0;0.0;0.0;0.0;0.0;0.0;Real Madrid;0.0;0.0;0.0;0.0;0.0;0.0;0.0;0.0;10.0
David Jiménez;es ESP;DF;21;0.0;0;0.0;0.0;0.0;0.0;0.0;0.0;0.0;0.0;0.0;0.0;0.0;0.0;0.0;0.0;0.0;0.0;0.0;0.0;Real Madrid;0.0;0.0;0.0;0.0;0.0;0.0;0.0;0.0;10.0
Youssef Lekhedim;es ESP;DF;19;0.0;0;0.0;0.0;0.0;0.0;0.0;0.0;0.0;0.0;0.0;0.0;0.0;0.0;0.0;0.0;0.0;0.0;0.0;0.0;Real Madrid;0.0;0.0;0.0;0.0;0.0;0.0;0.0;0.0;10.0
Sergio Mestre;es ESP;GK;20;0.0;0;0.0;0.0;0.0;0.0;0.0;0.0;0.0;0.0;0.0;0.0;0.0;0.0;0.0;0.0;0.0;0.0;0.0;0.0;Real Madrid;0.0;0.0;0.0;0.0;0.0;0.0;0.0;0.0;10.0
Mario Rivas;es ESP;DF;18;0.0;0;0.0;0.0;0.0;0.0;0.0;0.0;0.0;0.0;0.0;0.0;0.0;0.0;0.0;0.0;0.0;0.0;0.0;0.0;Real Madrid;0.0;0.0;0.0;0.0;0.0;0.0;0.0;0.0;10.0
Victor Valdepeñas;es ESP;DF;18;0.0;0;0.0;0.0;0.0;0.0;0.0;0.0;0.0;0.0;0.0;0.0;0.0;0.0;0.0;0.0;0.0;0.0;0.0;0.0;Real Madrid;0.0;0.0;0.0;0.0;0.0;0.0;0.0;0.0;10.0
Pedri;es ESP;MF;22;0.0;34;2799.0;31.1;4.0;5.0;9.0;4.0;0.0;0.0;3.0;0.0;2.2;2.2;7.4;9.6;92.0;355.0;134.0;0.29;Barcelona;0.0;0.0;1.0;1.0;0.12861736334405144;0.0707395498392283;0.2379421221864952;0.3086816720257235;7.0
Raphinha;br BRA;FW,MF;28;0.0;31;2776.0;30.8;18.0;9.0;27.0;16.0;2.0;2.0;4.0;0.0;19.2;17.6;12.1;29.7;93.0;135.0;344.0;0.81;Barcelona;0.0;0.0;0.0;0.0;0.5835734870317003;0.6224783861671469;0.3922910662824207;1.0147694524495676;6.0
Robert Lewandowski;pl POL;FW;36;0.0;31;2579.0;28.7;25.0;2.0;27.0;22.0;3.0;4.0;1.0;0.0;24.8;21.7;2.3;24.0;26.0;48.0;160.0;0.84;Barcelona;0.0;0.0;0.0;0.0;0.8724311748739821;0.8654517254749904;0.08026366808840635;0.9457153935633967;9.0
Lamine Yamal;es ESP;FW;17;0.0;30;2766.0;30.7;9.0;13.0;22.0;9.0;0.0;0.0;3.0;0.0;9.6;9.6;13.9;23.5;179.0;156.0;426.0;0.72;Barcelona;0.0;0.0;1.0;1.0;0.2928416485900217;0.3123644251626898;0.4522776572668113;0.764642082429501;7.0
Jules Koundé;fr FRA;DF;26;0.0;29;2605.0;28.9;2.0;3.0;5.0;2.0;0.0;0.0;4.0;0.0;1.8;1.8;3.9;5.7;44.0;165.0;190.0;0.17;Barcelona;0.0;0.0;0.0;0.0;0.0690978886756238;0.06218809980806143;0.13474088291746641;0.19692898272552783;6.0
Pau Cubarsí;es ESP;DF;18;0.0;28;2528.0;28.1;0.0;3.0;3.0;0.0;0.0;0.0;3.0;0.0;0.8;0.8;1.6;2.5;26.0;190.0;6.0;0.11;Barcelona;0.0;0.0;0.0;0.0;0.0;0.02848101265822785;0.0569620253164557;0.08544303797468356;7.0
Iñigo Martínez;es ESP;DF;34;0.0;28;2490.0;27.7;0.0;4.0;4.0;0.0;0.0;0.0;5.0;0.0;0.5;0.5;2.6;3.1;70.0;260.0;11.0;0.14;Barcelona;0.0;0.0;0.0;0.0;0.0;0.018072289156626505;0.09397590361445783;0.11204819277108434;5.0
Alejandro Balde;es ESP;DF;21;0.0;25;2204.0;24.5;0.0;4.0;4.0;0.0;0.0;0.0;2.0;0.0;0.5;0.5;3.4;3.9;104.0;90.0;241.0;0.16;Barcelona;0.0;0.0;1.0;1.0;0.0;0.020417422867513614;0.13883847549909256;0.15925589836660617;8.0
Marc Casado;es ESP;MF;21;0.0;20;1611.0;17.9;1.0;3.0;4.0;1.0;0.0;0.0;4.0;1.0;1.1;1.1;1.4;2.4;12.0;107.0;24.0;0.22;Barcelona;0.0;0.0;0.0;0.0;0.0558659217877095;0.06145251396648046;0.0782122905027933;0.13966480446927376;3.0
Wojciech Szczęsny;pl POL;GK;35;0.0;15;1350.0;15.0;0.0;0.0;0.0;0.0;0.0;0.0;0.0;0.0;0.0;0.0;0.0;0.0;0.0;0.0;0.0;0.0;Barcelona;0.0;0.0;0.0;0.0;0.0;0.0;0.0;0.0;10.0
Iñaki Peña;es ESP;GK;26;0.0;14;1306.0;14.5;0.0;0.0;0.0;0.0;0.0;0.0;1.0;0.0;0.0;0.0;0.0;0.0;0.0;3.0;0.0;0.0;Barcelona;0.0;0.0;0.0;0.0;0.0;0.0;0.0;0.0;9.0
Eric García;es ESP;DF,MF;24;0.0;13;1476.0;16.4;2.0;3.0;5.0;2.0;0.0;0.0;4.0;0.0;2.3;2.3;0.8;3.1;18.0;103.0;22.0;0.3;Barcelona;0.0;0.0;0.0;0.0;0.12195121951219513;0.1402439024390244;0.04878048780487806;0.18902439024390244;6.0
Dani Olmo;es ESP;MF,FW;27;0.0;13;1185.0;13.2;9.0;3.0;12.0;8.0;1.0;1.0;1.0;0.0;5.7;4.9;2.9;7.8;31.0;79.0;96.0;0.84;Barcelona;0.0;0.0;0.0;0.0;0.6835443037974683;0.4329113924050633;0.22025316455696203;0.6531645569620254;9.0
Gavi;es ESP;MF,FW;20;0.0;13;995.0;11.1;1.0;1.0;2.0;1.0;0.0;0.0;4.0;0.0;0.9;0.9;1.6;2.4;13.0;74.0;41.0;0.18;Barcelona;0.0;0.0;1.0;1.0;0.09045226130653267;0.0814070351758794;0.14472361809045228;0.22613065326633167;6.0
Ferrán Torres;es ESP;FW,MF;25;0.0;12;1106.0;12.3;10.0;6.0;16.0;10.0;0.0;0.0;1.0;1.0;8.0;8.0;3.1;11.0;23.0;35.0;98.0;1.3;Barcelona;0.0;0.0;0.0;0.0;0.8137432188065099;0.650994575045208;0.2522603978300181;0.9032549728752259;6.0
Fermin López;es ESP;MF,FW;22;0.0;11;1162.0;12.9;6.0;4.0;10.0;6.0;0.0;0.0;4.0;1.0;5.5;5.5;3.1;8.6;28.0;73.0;101.0;0.77;Barcelona;0.0;0.0;0.0;0.0;0.46471600688468157;0.4259896729776248;0.24010327022375216;0.6660929432013769;3.0
Gerard Martín;es ESP;DF;23;0.0;11;1028.0;11.4;1.0;3.0;4.0;1.0;0.0;0.0;2.0;0.0;0.5;0.5;1.1;1.6;10.0;40.0;122.0;0.35;Barcelona;0.0;0.0;0.0;0.0;0.08754863813229571;0.04377431906614786;0.0963035019455253;0.14007782101167315;8.0
Ronald Araújo;uy URU;DF;26;0.0;10;691.0;7.7;1.0;1.0;2.0;1.0;0.0;0.0;3.0;0.0;1.0;1.0;0.4;1.4;6.0;47.0;3.0;0.26;Barcelona;0.0;0.0;0.0;0.0;0.13024602026049203;0.13024602026049203;0.05209840810419682;0.18234442836468884;7.0
Frenkie de Jong;nl NED;MF;28;0.0;9;1133.0;12.6;2.0;2.0;4.0;2.0;0.0;0.0;3.0;0.0;0.7;0.7;2.0;2.6;36.0;119.0;23.0;0.32;Barcelona;0.0;0.0;0.0;0.0;0.1588702559576346;0.05560458958517211;0.1588702559576346;0.2144748455428067;7.0
Marc-André ter Stegen;de GER;GK;33;0.0;8;674.0;7.5;0.0;0.0;0.0;0.0;0.0;0.0;0.0;0.0;0.0;0.0;0.0;0.0;0.0;2.0;0.0;0.0;Barcelona;0.0;0.0;0.0;0.0;0.0;0.0;0.0;0.0;10.0
Héctor Fort;es ESP;DF;18;0.0;5;585.0;6.5;0.0;0.0;0.0;0.0;0.0;0.0;2.0;0.0;0.2;0.2;0.9;1.1;14.0;26.0;33.0;0.0;Barcelona;0.0;0.0;0.0;0.0;0.0;0.03076923076923077;0.13846153846153847;0.16923076923076924;8.0
Pablo Torre;es ESP;MF,FW;22;0.0;4;310.0;3.4;3.0;1.0;4.0;3.0;0.0;0.0;0.0;0.0;0.4;0.4;0.8;1.1;5.0;17.0;20.0;1.16;Barcelona;0.0;0.0;0.0;0.0;0.8709677419354839;0.11612903225806452;0.23225806451612904;0.3483870967741936;10.0
Marc Bernal;es ESP;MF;17;0.0;3;242.0;2.7;0.0;0.0;0.0;0.0;0.0;0.0;2.0;0.0;0.1;0.1;0.0;0.1;0.0;8.0;2.0;0.0;Barcelona;0.0;0.0;0.0;0.0;0.0;0.0371900826446281;0.0;0.0371900826446281;8.0
Ansu Fati;es ESP;FW;22;0.0;3;233.0;2.6;0.0;0.0;0.0;0.0;0.0;0.0;1.0;0.0;1.0;1.0;0.2;1.1;7.0;6.0;32.0;0.0;Barcelona;0.0;0.0;0.0;0.0;0.0;0.38626609442060084;0.07725321888412018;0.463519313304721;9.0
Pau Victor Delgado;es ESP;FW;23;0.0;2;317.0;3.5;2.0;1.0;3.0;2.0;0.0;0.0;2.0;0.0;3.0;3.0;0.9;3.9;6.0;11.0;28.0;0.85;Barcelona;0.0;0.0;0.0;0.0;0.5678233438485805;0.8517350157728707;0.2555205047318612;1.1072555205047319;8.0
Andreas Christensen;dk DEN;DF;29;0.0;2;227.0;2.5;0.0;0.0;0.0;0.0;0.0;0.0;3.0;0.0;0.0;0.0;0.0;0.0;1.0;14.0;1.0;0.0;Barcelona;0.0;0.0;0.0;0.0;0.0;0.0;0.0;0.0;7.0
Sergi Dominguez;es ESP;DF;20;0.0;2;172.0;1.9;0.0;0.0;0.0;0.0;0.0;0.0;1.0;0.0;0.0;0.0;0.0;0.0;0.0;13.0;1.0;0.0;Barcelona;0.0;0.0;0.0;0.0;0.0;0.0;0.0;0.0;9.0
Daniel Rodriguez;es ESP;FW;19;0.0;1;37.0;0.4;0.0;0.0;0.0;0.0;0.0;0.0;0.0;0.0;0.0;0.0;0.0;0.0;4.0;2.0;9.0;0.0;Barcelona;0.0;0.0;0.0;0.0;0.0;0.0;0.0;0.0;10.0
Ander Astralaga;es ESP;GK;21;0.0;0;0.0;0.0;0.0;0.0;0.0;0.0;0.0;0.0;0.0;0.0;0.0;0.0;0.0;0.0;0.0;0.0;0.0;0.0;Barcelona;0.0;0.0;0.0;0.0;0.0;0.0;0.0;0.0;10.0
Álvaro Cortés;es ESP;DF;20;0.0;0;0.0;0.0;0.0;0.0;0.0;0.0;0.0;0.0;0.0;0.0;0.0;0.0;0.0;0.0;0.0;0.0;0.0;0.0;Barcelona;0.0;0.0;0.0;0.0;0.0;0.0;0.0;0.0;10.0
Andres Cuenca;es ESP;DF;17;0.0;0;0.0;0.0;0.0;0.0;0.0;0.0;0.0;0.0;0.0;0.0;0.0;0.0;0.0;0.0;0.0;0.0;0.0;0.0;Barcelona;0.0;0.0;0.0;0.0;0.0;0.0;0.0;0.0;10.0
Noah Darvich;de GER;MF;18;0.0;0;0.0;0.0;0.0;0.0;0.0;0.0;0.0;0.0;0.0;0.0;0.0;0.0;0.0;0.0;0.0;0.0;0.0;0.0;Barcelona;0.0;0.0;0.0;0.0;0.0;0.0;0.0;0.0;10.0
Landry Farré;es ESP;DF;18;0.0;0;0.0;0.0;0.0;0.0;0.0;0.0;0.0;0.0;0.0;0.0;0.0;0.0;0.0;0.0;0.0;0.0;0.0;0.0;Barcelona;0.0;0.0;0.0;0.0;0.0;0.0;0.0;0.0;10.0
Guillermo Fernandez;es ESP;MF;16;0.0;0;0.0;0.0;0.0;0.0;0.0;0.0;0.0;0.0;0.0;0.0;0.0;0.0;0.0;0.0;0.0;0.0;0.0;0.0;Barcelona;0.0;0.0;0.0;0.0;0.0;0.0;0.0;0.0;10.0
Toni Fernández;es ESP;MF;16;0.0;0;0.0;0.0;0.0;0.0;0.0;0.0;0.0;0.0;0.0;0.0;0.0;0.0;0.0;0.0;0.0;0.0;0.0;0.0;Barcelona;0.0;0.0;0.0;0.0;0.0;0.0;0.0;0.0;10.0
Diego Kochen;us USA;GK;19;0.0;0;0.0;0.0;0.0;0.0;0.0;0.0;0.0;0.0;0.0;0.0;0.0;0.0;0.0;0.0;0.0;0.0;0.0;0.0;Barcelona;0.0;0.0;0.0;0.0;0.0;0.0;0.0;0.0;10.0
Alexis Olmedo;es ESP;DF;19;0.0;0;0.0;0.0;0.0;0.0;0.0;0.0;0.0;0.0;0.0;0.0;0.0;0.0;0.0;0.0;0.0;0.0;0.0;0.0;Barcelona;0.0;0.0;0.0;0.0;0.0;0.0;0.0;0.0;10.0
Álex Valle;es ESP;DF;21;0.0;0;0.0;0.0;0.0;0.0;0.0;0.0;0.0;0.0;0.0;0.0;0.0;0.0;0.0;0.0;0.0;0.0;0.0;0.0;Barcelona;0.0;0.0;0.0;0.0;0.0;0.0;0.0;0.0;10.0
Áron Yaakobishvili;hu HUN;GK;19;0.0;0;0.0;0.0;0.0;0.0;0.0;0.0;0.0;0.0;0.0;0.0;0.0;0.0;0.0;0.0;0.0;0.0;0.0;0.0;Barcelona;0.0;0.0;0.0;0.0;0.0;0.0;0.0;0.0;10.0
Joško Gvardiol;hr CRO;DF;23;0.0;34;3097.0;34.4;5.0;0.0;5.0;5.0;0.0;0.0;2.0;0.0;4.4;4.1;2.0;6.1;87.0;256.0;112.0;0.15;Manchester City;0.0;0.0;0.0;0.0;0.14530190506942203;0.1278656764610914;0.05812076202776881;0.1859864384888602;8.0
Erling Haaland;no NOR;FW;24;0.0;29;2570.0;28.6;21.0;3.0;24.0;19.0;2.0;3.0;2.0;0.0;20.9;18.5;2.9;21.4;20.0;18.0;110.0;0.77;Manchester City;1.0;0.0;0.0;1.0;0.735408560311284;0.7319066147859922;0.10155642023346302;0.8334630350194551;8.0
Bernardo Silva;pt POR;MF,FW;30;0.0;27;2491.0;27.7;3.0;4.0;7.0;3.0;0.0;0.0;7.0;0.0;3.6;3.6;4.4;8.0;98.0;122.0;191.0;0.25;Manchester City;0.0;0.0;0.0;0.0;0.1083902047370534;0.13006824568446407;0.15897230028101167;0.28904054596547574;3.0
Ederson;br BRA;GK;31;0.0;24;2140.0;23.8;0.0;4.0;4.0;0.0;0.0;0.0;3.0;0.0;0.0;0.0;1.5;1.5;0.0;2.0;0.0;0.17;Manchester City;0.0;0.0;0.0;0.0;0.0;0.0;0.0630841121495327;0.0630841121495327;7.0
Mateo Kovačić;hr CRO;MF;31;0.0;24;2132.0;23.7;6.0;1.0;7.0;6.0;0.0;0.0;5.0;0.0;1.9;1.9;3.6;5.4;54.0;156.0;15.0;0.3;Manchester City;0.0;0.0;0.0;0.0;0.25328330206378985;0.08020637898686678;0.1519699812382739;0.2321763602251407;5.0
Rúben Dias;pt POR;DF;28;0.0;23;2091.0;23.2;0.0;0.0;0.0;0.0;0.0;0.0;4.0;0.0;1.5;1.5;0.3;1.8;38.0;143.0;8.0;0.0;Manchester City;0.0;0.0;0.0;0.0;0.0;0.06456241032998565;0.012912482065997129;0.07747489239598278;6.0
İlkay Gündoğan;de GER;MF;34;0.0;23;2050.0;22.8;0.0;5.0;5.0;0.0;0.0;0.0;1.0;0.0;2.7;2.7;2.8;5.5;57.0;115.0;86.0;0.22;Manchester City;0.0;0.0;0.0;0.0;0.0;0.11853658536585367;0.12292682926829267;0.24146341463414633;9.0
Rico Lewis;eng ENG;DF,MF;20;0.0;21;1893.0;21.0;1.0;2.0;3.0;1.0;0.0;0.0;5.0;1.0;1.4;1.4;0.3;1.7;39.0;107.0;78.0;0.14;Manchester City;0.0;0.0;0.0;0.0;0.04754358161648177;0.06656101426307448;0.014263074484944531;0.08082408874801901;2.0
Manuel Akanji;ch SUI;DF;29;0.0;21;1834.0;20.4;0.0;0.0;0.0;0.0;0.0;0.0;3.0;0.0;1.1;1.1;0.4;1.5;41.0;150.0;6.0;0.0;Manchester City;0.0;0.0;0.0;0.0;0.0;0.05398037077426391;0.01962922573609597;0.07360959651035988;7.0
Sávio;br BRA;FW,MF;21;0.0;21;1749.0;19.4;1.0;8.0;9.0;1.0;0.0;0.0;3.0;0.0;5.0;5.0;6.9;11.9;135.0;66.0;244.0;0.46;Manchester City;0.0;0.0;0.0;0.0;0.051457975986277875;0.25728987993138935;0.35506003430531735;0.6123499142367067;7.0
Phil Foden;eng ENG;MF,FW;24;0.0;20;1768.0;19.6;7.0;2.0;9.0;7.0;0.0;0.0;2.0;0.0;5.2;5.2;4.8;9.9;50.0;103.0;128.0;0.46;Manchester City;1.0;0.0;0.0;1.0;0.35633484162895923;0.2647058823529412;0.2443438914027149;0.5090497737556561;8.0
Kevin De Bruyne;be BEL;MF,FW;33;0.0;18;1628.0;18.1;4.0;7.0;11.0;4.0;0.0;0.0;2.0;0.0;4.2;4.2;7.9;12.1;50.0;153.0;143.0;0.61;Manchester City;0.0;0.0;0.0;0.0;0.22113022113022113;0.2321867321867322;0.4367321867321868;0.668918918918919;8.0
Matheus Nunes;pt POR;DF,MF;26;0.0;17;1494.0;16.6;1.0;5.0;6.0;1.0;0.0;0.0;4.0;0.0;0.9;0.9;4.2;5.1;59.0;69.0;156.0;0.36;Manchester City;0.0;0.0;0.0;0.0;0.06024096385542168;0.05421686746987951;0.25301204819277107;0.3072289156626506;6.0
Jeremy Doku;be BEL;FW,MF;22;0.0;15;1442.0;16.0;3.0;6.0;9.0;3.0;0.0;0.0;1.0;0.0;1.0;1.0;4.7;5.7;201.0;67.0;274.0;0.56;Manchester City;0.0;0.0;0.0;0.0;0.18723994452149792;0.06241331484049931;0.2933425797503468;0.35575589459084606;9.0
Stefan Ortega;de GER;GK;32;0.0;12;1100.0;12.2;0.0;0.0;0.0;0.0;0.0;0.0;1.0;0.0;0.0;0.0;0.0;0.0;0.0;0.0;0.0;0.0;Manchester City;0.0;0.0;0.0;0.0;0.0;0.0;0.0;0.0;9.0
Omar Marmoush;eg EGY;FW,MF;26;0.0;12;1005.0;11.2;6.0;0.0;6.0;6.0;0.0;0.0;0.0;0.0;4.9;4.9;1.7;6.6;22.0;29.0;68.0;0.54;Manchester City;0.0;0.0;0.0;0.0;0.5373134328358209;0.43880597014925377;0.15223880597014927;0.5910447761194031;10.0
Kyle Walker;eng ENG;DF;34;0.0;9;970.0;10.8;0.0;0.0;0.0;0.0;0.0;0.0;3.0;0.0;0.1;0.1;0.4;0.6;12.0;64.0;11.0;0.0;Manchester City;0.0;0.0;0.0;0.0;0.0;0.009278350515463918;0.03711340206185567;0.04639175257731958;7.0
Nathan Aké;nl NED;DF;30;0.0;8;678.0;7.5;0.0;0.0;0.0;0.0;0.0;0.0;0.0;0.0;0.2;0.2;0.0;0.2;12.0;50.0;2.0;0.0;Manchester City;0.0;0.0;0.0;0.0;0.0;0.026548672566371685;0.0;0.026548672566371685;10.0
Nicolás González;es ESP;MF;23;0.0;8;648.0;7.2;0.0;0.0;0.0;0.0;0.0;0.0;3.0;0.0;0.3;0.3;0.1;0.3;5.0;46.0;10.0;0.0;Manchester City;0.0;0.0;0.0;0.0;0.0;0.041666666666666664;0.01388888888888889;0.05555555555555556;7.0
Jack Grealish;eng ENG;FW,MF;29;0.0;7;720.0;8.0;1.0;1.0;2.0;1.0;0.0;0.0;3.0;0.0;1.1;1.1;1.8;3.0;69.0;52.0;118.0;0.25;Manchester City;0.0;0.0;0.0;0.0;0.125;0.1375;0.225;0.36250000000000004;7.0
John Stones;eng ENG;DF,MF;30;0.0;6;548.0;6.1;2.0;0.0;2.0;2.0;0.0;0.0;1.0;0.0;0.4;0.4;0.1;0.5;10.0;21.0;2.0;0.33;Manchester City;0.0;0.0;0.0;0.0;0.3284671532846716;0.06569343065693431;0.016423357664233577;0.0821167883211679;9.0
Nico O’Reilly;eng ENG;DF;20;0.0;6;528.0;5.9;2.0;0.0;2.0;2.0;0.0;0.0;0.0;0.0;1.3;1.3;0.4;1.6;16.0;17.0;26.0;0.34;Manchester City;0.0;0.0;0.0;0.0;0.34090909090909094;0.22159090909090912;0.06818181818181819;0.28977272727272735;10.0
Abdukodir Khusanov;uz UZB;DF;21;0.0;6;503.0;5.6;0.0;0.0;0.0;0.0;0.0;0.0;1.0;0.0;0.0;0.0;0.1;0.1;1.0;25.0;2.0;0.0;Manchester City;0.0;0.0;0.0;0.0;0.0;0.0;0.01789264413518887;0.01789264413518887;9.0
James Mcatee;eng ENG;MF,FW;22;0.0;3;349.0;3.9;3.0;0.0;3.0;3.0;0.0;0.0;1.0;0.0;2.8;2.8;0.5;3.3;7.0;7.0;32.0;0.77;Manchester City;0.0;0.0;0.0;0.0;0.7736389684813754;0.7220630372492837;0.12893982808022922;0.8510028653295129;9.0
Jahmai Simpson-Pusey;eng ENG;DF;19;0.0;1;96.0;1.1;0.0;0.0;0.0;0.0;0.0;0.0;1.0;0.0;0.0;0.0;0.0;0.0;1.0;3.0;0.0;0.0;Manchester City;0.0;0.0;0.0;0.0;0.0;0.0;0.0;0.0;9.0
Rodri;es ESP;MF;28;0.0;1;65.0;0.7;0.0;0.0;0.0;0.0;0.0;0.0;0.0;0.0;0.0;0.0;0.0;0.0;0.0;4.0;1.0;0.0;Manchester City;1.0;0.0;0.0;1.0;0.0;0.0;0.0;0.0;10.0
Divin Mubama;eng ENG;FW;20;0.0;0;28.0;0.3;0.0;0.0;0.0;0.0;0.0;0.0;0.0;0.0;0.0;0.0;0.0;0.0;0.0;1.0;0.0;0.0;Manchester City;0.0;0.0;0.0;0.0;0.0;0.0;0.0;0.0;10.0
Oscar Bobb;no NOR;FW;21;0.0;0;15.0;0.2;0.0;0.0;0.0;0.0;0.0;0.0;0.0;0.0;0.0;0.0;0.1;0.1;1.0;1.0;1.0;0.0;Manchester City;0.0;0.0;0.0;0.0;0.0;0.0;0.6000000000000001;0.6000000000000001;10.0
Vitor Reis;br BRA;DF;19;0.0;0;1.0;0.0;0.0;0.0;0.0;0.0;0.0;0.0;0.0;0.0;0.0;0.0;0.0;0.0;0.0;0.0;0.0;0.0;Manchester City;0.0;0.0;0.0;0.0;0.0;0.0;0.0;0.0;10.0
Max Alleyne;eng ENG;DF;19;0.0;0;0.0;0.0;0.0;0.0;0.0;0.0;0.0;0.0;0.0;0.0;0.0;0.0;0.0;0.0;0.0;0.0;0.0;0.0;Manchester City;0.0;0.0;0.0;0.0;0.0;0.0;0.0;0.0;10.0
Thorsten Brits;eng ENG;GK;17;0.0;0;0.0;0.0;0.0;0.0;0.0;0.0;0.0;0.0;0.0;0.0;0.0;0.0;0.0;0.0;0.0;0.0;0.0;0.0;Manchester City;0.0;0.0;0.0;0.0;0.0;0.0;0.0;0.0;10.0
Scott Carson;eng ENG;GK;39;0.0;0;0.0;0.0;0.0;0.0;0.0;0.0;0.0;0.0;0.0;0.0;0.0;0.0;0.0;0.0;0.0;0.0;0.0;0.0;Manchester City;0.0;0.0;0.0;0.0;0.0;0.0;0.0;0.0;10.0
Issa Kaboré;bf BFA;DF,MF;24;0.0;0;0.0;0.0;0.0;0.0;0.0;0.0;0.0;0.0;0.0;0.0;0.0;0.0;0.0;0.0;0.0;0.0;0.0;0.0;Manchester City;0.0;0.0;0.0;0.0;0.0;0.0;0.0;0.0;10.0
Josh Wilson-Esbrand;eng ENG;DF;22;0.0;0;0.0;0.0;0.0;0.0;0.0;0.0;0.0;0.0;0.0;0.0;0.0;0.0;0.0;0.0;0.0;0.0;0.0;0.0;Manchester City;0.0;0.0;0.0;0.0;0.0;0.0;0.0;0.0;10.0
Jacob Wright;eng ENG;MF;19;0.0;0;0.0;0.0;0.0;0.0;0.0;0.0;0.0;0.0;0.0;0.0;0.0;0.0;0.0;0.0;0.0;0.0;0.0;0.0;Manchester City;0.0;0.0;0.0;0.0;0.0;0.0;0.0;0.0;10.0
Bradley Barcola;fr FRA;FW;22;34.0;27;2181.0;24.2;14.0;10.0;24.0;14.0;0.0;0.0;2.0;0.0;13.4;13.4;10.1;23.5;137.0;96.0;374.0;0.99;Paris SG;0.0;0.0;0.0;0.0;0.577716643741403;0.5529573590096286;0.4167812929848693;0.9697386519944979;8.0
Gianluigi Donnarumma;it ITA;GK;26;24.0;24;2091.0;23.2;0.0;0.0;0.0;0.0;0.0;0.0;2.0;0.0;0.0;0.0;0.0;0.0;0.0;0.0;0.0;0.0;Paris SG;0.0;0.0;0.0;0.0;0.0;0.0;0.0;0.0;8.0
Achraf Hakimi;ma MAR;DF;26;25.0;24;2066.0;23.0;4.0;6.0;10.0;4.0;0.0;0.0;4.0;0.0;2.9;2.9;6.2;9.1;93.0;183.0;274.0;0.44;Paris SG;0.0;0.0;0.0;0.0;0.17424975798644723;0.12633107454017425;0.2700871248789932;0.39641819941916745;6.0
Willian Pacho;ec ECU;DF;23;28.0;23;2132.0;23.7;0.0;1.0;1.0;0.0;0.0;0.0;2.0;0.0;0.3;0.3;0.3;0.6;3.0;53.0;1.0;0.04;Paris SG;0.0;0.0;0.0;0.0;0.0;0.012664165103189493;0.012664165103189493;0.025328330206378986;8.0
Warren Zaïre-Emery;fr FRA;MF,DF;19;29.0;23;2050.0;22.8;1.0;2.0;3.0;1.0;0.0;0.0;3.0;0.0;1.7;1.7;1.4;3.1;49.0;135.0;92.0;0.13;Paris SG;0.0;0.0;0.0;0.0;0.04390243902439024;0.07463414634146341;0.061463414634146334;0.13609756097560974;7.0
Lucas Beraldo;br BRA;DF;21;25.0;22;2011.0;22.3;1.0;0.0;1.0;1.0;0.0;0.0;6.0;0.0;0.9;0.9;0.4;1.2;9.0;131.0;0.0;0.04;Paris SG;0.0;0.0;0.0;0.0;0.04475385380407757;0.04027846842366982;0.01790154152163103;0.05818000994530085;4.0
João Neves;pt POR;MF,DF;20;29.0;22;1844.0;20.5;3.0;8.0;11.0;3.0;0.0;0.0;1.0;0.0;3.0;3.0;4.0;7.0;35.0;144.0;80.0;0.54;Paris SG;0.0;0.0;0.0;0.0;0.14642082429501085;0.14642082429501085;0.19522776572668116;0.341648590021692;9.0
Fabián Ruiz Peña;es ESP;MF;29;30.0;21;1923.0;21.4;4.0;5.0;9.0;4.0;0.0;0.0;1.0;0.0;4.3;4.3;4.7;9.0;47.0;205.0;92.0;0.42;Paris SG;0.0;0.0;0.0;0.0;0.187207488299532;0.20124804992199688;0.21996879875195008;0.42121684867394693;9.0
Vitinha;pt POR;MF;25;29.0;20;2042.0;22.7;5.0;1.0;6.0;3.0;2.0;2.0;1.0;0.0;3.4;1.8;2.6;4.4;53.0;224.0;57.0;0.18;Paris SG;0.0;0.0;0.0;0.0;0.22037218413320273;0.14985308521057786;0.11459353574926542;0.2644466209598433;9.0
Ousmane Dembélé;fr FRA;FW;28;29.0;20;1730.0;19.2;21.0;6.0;27.0;20.0;1.0;1.0;1.0;0.0;16.6;15.8;8.2;24.0;127.0;137.0;252.0;1.35;Paris SG;0.0;0.0;0.0;0.0;1.092485549132948;0.8635838150289018;0.4265895953757225;1.2901734104046243;9.0
Marquinhos;br BRA;DF;31;22.0;19;1725.0;19.2;2.0;0.0;2.0;2.0;0.0;0.0;3.0;0.0;1.1;1.1;0.8;1.9;29.0;151.0;4.0;0.1;Paris SG;0.0;0.0;0.0;0.0;0.10434782608695652;0.05739130434782609;0.041739130434782605;0.09913043478260869;7.0
Nuno Mendes;pt POR;DF;22;24.0;19;1676.0;18.6;1.0;3.0;4.0;1.0;0.0;0.0;3.0;0.0;2.2;2.2;5.0;7.2;58.0;127.0;108.0;0.21;Paris SG;0.0;0.0;0.0;0.0;0.05369928400954654;0.11813842482100238;0.26849642004773266;0.38663484486873506;7.0
Lee Kang-in;kr KOR;FW,MF;24;30.0;19;1663.0;18.5;6.0;6.0;12.0;6.0;0.0;0.0;1.0;0.0;3.5;3.5;5.6;9.1;50.0;143.0;138.0;0.65;Paris SG;0.0;0.0;0.0;0.0;0.3247143716175586;0.1894167167769092;0.3030667468430547;0.4924834636199639;9.0
Désiré Doué;fr FRA;FW,MF;19;31.0;18;1730.0;19.2;6.0;6.0;12.0;6.0;0.0;0.0;1.0;0.0;5.1;5.1;7.8;13.0;97.0;139.0;232.0;0.62;Paris SG;0.0;0.0;0.0;0.0;0.31213872832369943;0.2653179190751445;0.40578034682080927;0.6710982658959537;9.0
Gonçalo Ramos;pt POR;FW;23;22.0;12;1066.0;11.8;10.0;3.0;13.0;8.0;2.0;3.0;1.0;0.0;13.6;11.3;2.2;13.4;11.0;24.0;63.0;0.93;Paris SG;0.0;0.0;0.0;0.0;0.8442776735459662;1.148217636022514;0.1857410881801126;1.3339587242026267;9.0
Khvicha Kvaratskhelia;ge GEO;FW;24;14.0;11;916.0;10.2;4.0;3.0;7.0;4.0;0.0;0.0;0.0;0.0;3.3;3.3;4.9;8.2;50.0;43.0;131.0;0.69;Paris SG;0.0;0.0;0.0;0.0;0.39301310043668125;0.324235807860262;0.48144104803493454;0.8056768558951964;10.0
Lucas Hernández;fr FRA;DF;29;16.0;10;877.0;9.7;0.0;0.0;0.0;0.0;0.0;0.0;2.0;0.0;0.0;0.0;0.1;0.1;6.0;50.0;4.0;0.0;Paris SG;0.0;0.0;0.0;0.0;0.0;0.0;0.010262257696693275;0.010262257696693275;8.0
Matvei Safonov;ru RUS;GK;26;10.0;9;879.0;9.8;0.0;0.0;0.0;0.0;0.0;0.0;0.0;0.0;0.0;0.0;0.0;0.0;0.0;0.0;0.0;0.0;Paris SG;0.0;0.0;0.0;0.0;0.0;0.0;0.0;0.0;10.0
Senny Mayulu;fr FRA;MF;19;20.0;8;808.0;9.0;2.0;2.0;4.0;2.0;0.0;0.0;1.0;0.0;2.9;2.9;2.1;4.9;29.0;46.0;56.0;0.45;Paris SG;0.0;0.0;0.0;0.0;0.22277227722772278;0.32301980198019803;0.23391089108910892;0.556930693069307;9.0
Marco Asensio;es ESP;FW,MF;29;12.0;8;618.0;6.9;2.0;4.0;6.0;2.0;0.0;0.0;0.0;0.0;5.6;5.6;2.7;8.3;19.0;36.0;49.0;0.87;Paris SG;0.0;0.0;0.0;0.0;0.29126213592233013;0.8155339805825242;0.3932038834951457;1.20873786407767;10.0
Milan Škriniar;sk SVK;DF;30;5.0;4;382.0;4.2;0.0;0.0;0.0;0.0;0.0;0.0;1.0;0.0;0.2;0.2;0.1;0.3;3.0;20.0;0.0;0.0;Paris SG;0.0;0.0;0.0;0.0;0.0;0.04712041884816754;0.02356020942408377;0.07068062827225131;9.0
Ibrahim Mbaye;fr FRA;FW,MF;17;9.0;4;340.0;3.8;1.0;1.0;2.0;1.0;0.0;0.0;0.0;0.0;1.8;1.8;1.1;2.9;15.0;9.0;54.0;0.53;Paris SG;0.0;0.0;0.0;0.0;0.2647058823529412;0.47647058823529415;0.2911764705882353;0.7676470588235296;10.0
Randal Kolo Muani;fr FRA;FW;26;10.0;2;358.0;4.0;2.0;1.0;3.0;1.0;1.0;1.0;0.0;0.0;4.7;3.9;0.9;4.7;8.0;5.0;35.0;0.5;Paris SG;0.0;0.0;0.0;0.0;0.5027932960893855;1.181564245810056;0.22625698324022347;1.4078212290502794;10.0
Yoram Zague;fr FRA;DF,FW;19;4.0;2;183.0;2.0;0.0;0.0;0.0;0.0;0.0;0.0;0.0;0.0;0.1;0.1;0.1;0.1;5.0;10.0;17.0;0.0;Paris SG;0.0;0.0;0.0;0.0;0.0;0.049180327868852465;0.049180327868852465;0.09836065573770493;10.0
Axel Tapé;fr FRA;DF,MF;17;2.0;2;180.0;2.0;0.0;0.0;0.0;0.0;0.0;0.0;1.0;0.0;0.0;0.0;0.0;0.1;1.0;5.0;1.0;0.0;Paris SG;0.0;0.0;0.0;0.0;0.0;0.0;0.0;0.0;9.0
Arnau Tenas;es ESP;GK;23;1.0;1;90.0;1.0;0.0;1.0;1.0;0.0;0.0;0.0;0.0;0.0;0.0;0.0;0.2;0.2;0.0;1.0;0.0;1.0;Paris SG;0.0;0.0;0.0;0.0;0.0;0.0;0.2;0.2;10.0
Noham Kamara;fr FRA;DF;18;2.0;0;76.0;0.8;0.0;0.0;0.0;0.0;0.0;0.0;0.0;0.0;0.0;0.0;0.0;0.0;2.0;5.0;0.0;0.0;Paris SG;0.0;0.0;0.0;0.0;0.0;0.0;0.0;0.0;10.0
Presnel Kimpembe;fr FRA;DF;29;2.0;0;23.0;0.3;0.0;0.0;0.0;0.0;0.0;0.0;0.0;0.0;0.0;0.0;0.0;0.0;0.0;1.0;0.0;0.0;Paris SG;0.0;0.0;0.0;0.0;0.0;0.0;0.0;0.0;10.0
Naoufel El Hannach;ma MAR;DF;18;0.0;0;0.0;0.0;0.0;0.0;0.0;0.0;0.0;0.0;0.0;0.0;0.0;0.0;0.0;0.0;0.0;0.0;0.0;0.0;Paris SG;0.0;0.0;0.0;0.0;0.0;0.0;0.0;0.0;10.0
Louis Mouquet;pt POR;GK;20;0.0;0;0.0;0.0;0.0;0.0;0.0;0.0;0.0;0.0;0.0;0.0;0.0;0.0;0.0;0.0;0.0;0.0;0.0;0.0;Paris SG;0.0;0.0;0.0;0.0;0.0;0.0;0.0;0.0;10.0
Quentin Ndjantou Mbitcha;fr FRA;FW;17;0.0;0;0.0;0.0;0.0;0.0;0.0;0.0;0.0;0.0;0.0;0.0;0.0;0.0;0.0;0.0;0.0;0.0;0.0;0.0;Paris SG;0.0;0.0;0.0;0.0;0.0;0.0;0.0;0.0;10.0
Wassim Slama;fr FRA;MF;16;0.0;0;0.0;0.0;0.0;0.0;0.0;0.0;0.0;0.0;0.0;0.0;0.0;0.0;0.0;0.0;0.0;0.0;0.0;0.0;Paris SG;0.0;0.0;0.0;0.0;0.0;0.0;0.0;0.0;10.0
Carlos Soler;es ESP;MF;28;0.0;0;0.0;0.0;0.0;0.0;0.0;0.0;0.0;0.0;0.0;0.0;0.0;0.0;0.0;0.0;0.0;0.0;0.0;0.0;Paris SG;0.0;0.0;0.0;0.0;0.0;0.0;0.0;0.0;10.0
Joshua Kimmich;de GER;MF;30;0.0;32;2847.0;31.6;3.0;7.0;10.0;3.0;0.0;0.0;4.0;0.0;1.8;1.8;7.4;9.2;51.0;362.0;77.0;0.32;Bayern Munich;0.0;0.0;0.0;0.0;0.09483667017913594;0.05690200210748156;0.2339304531085353;0.2908324552160169;6.0
Harry Kane;eng ENG;FW;31;0.0;28;2381.0;26.5;26.0;9.0;35.0;17.0;9.0;9.0;5.0;0.0;20.3;13.3;5.3;18.6;29.0;97.0;143.0;0.98;Bayern Munich;0.0;0.0;0.0;0.0;0.9827803443931121;0.7673246535069299;0.20033599328013438;0.9676606467870643;5.0
Michael Olise;fr FRA;FW,MF;23;0.0;28;2334.0;25.9;12.0;15.0;27.0;12.0;0.0;0.0;3.0;0.0;9.7;9.7;12.0;21.7;119.0;184.0;381.0;1.04;Bayern Munich;0.0;0.0;0.0;0.0;0.46272493573264784;0.3740359897172236;0.46272493573264784;0.8367609254498715;7.0
Kim Min-jae;kr KOR;DF;28;0.0;27;2283.0;25.4;2.0;0.0;2.0;2.0;0.0;0.0;2.0;0.0;1.6;1.6;0.3;1.9;16.0;181.0;5.0;0.08;Bayern Munich;0.0;0.0;0.0;0.0;0.07884362680683311;0.0630749014454665;0.011826544021024966;0.07490144546649147;8.0
Manuel Neuer;de GER;GK;39;0.0;22;1980.0;22.0;0.0;0.0;0.0;0.0;0.0;0.0;0.0;0.0;0.0;0.0;0.5;0.5;0.0;10.0;0.0;0.0;Bayern Munich;0.0;0.0;0.0;0.0;0.0;0.0;0.022727272727272728;0.022727272727272728;10.0
Jamal Musiala;de GER;MF;22;0.0;21;1798.0;20.0;12.0;2.0;14.0;12.0;0.0;0.0;3.0;0.0;9.3;9.3;4.5;13.8;71.0;107.0;156.0;0.7;Bayern Munich;0.0;0.0;0.0;0.0;0.6006674082313682;0.4655172413793104;0.22525027808676307;0.6907675194660734;7.0
Dayot Upamecano;fr FRA;DF;26;0.0;20;1759.0;19.5;2.0;0.0;2.0;2.0;0.0;0.0;6.0;0.0;1.2;1.2;0.5;1.7;17.0;137.0;4.0;0.1;Bayern Munich;0.0;0.0;0.0;0.0;0.10233086981239341;0.06139852188743604;0.025582717453098352;0.0869812393405344;4.0
Konrad Laimer;at AUT;DF;27;0.0;19;1699.0;18.9;2.0;2.0;4.0;2.0;0.0;0.0;8.0;0.0;2.1;2.1;2.7;4.8;87.0;141.0;113.0;0.21;Bayern Munich;0.0;0.0;0.0;0.0;0.10594467333725721;0.11124190700412008;0.14302530900529725;0.2542672160094174;2.0
Raphaël Guerreiro;pt POR;DF,MF;31;0.0;19;1572.0;17.5;4.0;4.0;8.0;4.0;0.0;0.0;2.0;0.0;2.9;2.9;2.9;5.8;39.0;85.0;126.0;0.46;Bayern Munich;0.0;0.0;0.0;0.0;0.22900763358778628;0.16603053435114504;0.16603053435114504;0.3320610687022901;8.0
Aleksandar Pavlovic;de GER;MF;21;0.0;18;1451.0;16.1;1.0;0.0;1.0;1.0;0.0;0.0;2.0;0.0;0.6;0.6;0.2;0.8;15.0;128.0;33.0;0.06;Bayern Munich;0.0;0.0;0.0;0.0;0.062026188835286;0.0372157133011716;0.012405237767057202;0.04962095106822881;8.0
Leroy Sané;de GER;FW;29;0.0;17;1637.0;18.2;11.0;5.0;16.0;11.0;0.0;0.0;2.0;0.0;10.2;10.2;5.5;15.8;75.0;64.0;266.0;0.88;Bayern Munich;0.0;0.0;0.0;0.0;0.6047648136835675;0.5607819181429443;0.30238240684178375;0.8631643249847281;8.0
Alphonso Davies;ca CAN;DF;24;0.0;17;1560.0;17.3;1.0;2.0;3.0;1.0;0.0;0.0;0.0;0.0;1.2;1.2;1.6;2.8;81.0;120.0;140.0;0.17;Bayern Munich;0.0;0.0;0.0;0.0;0.057692307692307696;0.06923076923076923;0.09230769230769231;0.16153846153846155;10.0
Eric Dier;eng ENG;DF;31;0.0;16;1463.0;16.3;2.0;1.0;3.0;2.0;0.0;0.0;1.0;0.0;1.1;1.1;0.1;1.2;12.0;73.0;1.0;0.18;Bayern Munich;0.0;0.0;0.0;0.0;0.12303485987696514;0.06766917293233082;0.006151742993848257;0.07382091592617909;9.0
Kingsley Coman;fr FRA;FW;28;0.0;14;1282.0;14.2;5.0;4.0;9.0;5.0;0.0;0.0;0.0;0.0;4.3;4.3;3.3;7.6;66.0;45.0;215.0;0.63;Bayern Munich;0.0;0.0;0.0;0.0;0.3510140405616225;0.30187207488299533;0.23166926677067082;0.5335413416536662;10.0
Leon Goretzka;de GER;MF,DF;30;0.0;13;1325.0;14.7;4.0;1.0;5.0;4.0;0.0;0.0;2.0;0.0;2.8;2.8;1.7;4.4;35.0;127.0;28.0;0.34;Bayern Munich;0.0;0.0;0.0;0.0;0.27169811320754716;0.19018867924528302;0.11547169811320755;0.3056603773584906;8.0
Serge Gnabry;de GER;FW,MF;29;0.0;13;1242.0;13.8;7.0;5.0;12.0;7.0;0.0;1.0;0.0;0.0;7.5;6.8;5.1;11.9;44.0;48.0;149.0;0.87;Bayern Munich;0.0;0.0;0.0;0.0;0.5072463768115941;0.5434782608695652;0.3695652173913043;0.9130434782608695;10.0
Thomas Müller;de GER;MF,FW;35;0.0;12;1225.0;13.6;1.0;4.0;5.0;1.0;0.0;0.0;3.0;0.0;3.8;3.8;2.9;6.7;24.0;50.0;143.0;0.37;Bayern Munich;0.0;0.0;0.0;0.0;0.07346938775510205;0.27918367346938777;0.21306122448979592;0.49224489795918364;7.0
Josip Stanišić;hr CRO;DF;25;0.0;9;876.0;9.7;0.0;2.0;2.0;0.0;0.0;0.0;0.0;0.0;0.3;0.3;1.5;1.8;20.0;76.0;30.0;0.21;Bayern Munich;0.0;0.0;0.0;0.0;0.0;0.03082191780821918;0.1541095890410959;0.18493150684931509;10.0
Jonas Urbig;de GER;GK;21;0.0;8;720.0;8.0;0.0;0.0;0.0;0.0;0.0;0.0;0.0;0.0;0.0;0.0;0.0;0.0;0.0;3.0;0.0;0.0;Bayern Munich;0.0;0.0;0.0;0.0;0.0;0.0;0.0;0.0;10.0
João Palhinha;pt POR;MF;29;0.0;6;673.0;7.5;0.0;0.0;0.0;0.0;0.0;0.0;2.0;1.0;0.7;0.7;0.2;0.9;3.0;32.0;7.0;0.0;Bayern Munich;0.0;0.0;0.0;0.0;0.0;0.09361069836552748;0.026745913818722142;0.12035661218424962;5.0
Sacha Boey;fr FRA;DF;24;0.0;6;593.0;6.6;0.0;2.0;2.0;0.0;0.0;0.0;1.0;0.0;0.1;0.1;1.2;1.3;18.0;39.0;63.0;0.3;Bayern Munich;0.0;0.0;0.0;0.0;0.0;0.015177065767284992;0.1821247892074199;0.1973018549747049;9.0
Daniel Peretz;il ISR;GK;24;0.0;3;270.0;3.0;0.0;0.0;0.0;0.0;0.0;0.0;1.0;0.0;0.0;0.0;0.0;0.0;0.0;1.0;0.0;0.0;Bayern Munich;0.0;0.0;0.0;0.0;0.0;0.0;0.0;0.0;9.0
Hiroki Ito;jp JPN;DF;26;0.0;3;250.0;2.8;1.0;0.0;1.0;1.0;0.0;0.0;1.0;0.0;0.4;0.4;0.4;0.8;3.0;18.0;6.0;0.36;Bayern Munich;0.0;0.0;0.0;0.0;0.36;0.14400000000000002;0.14400000000000002;0.28800000000000003;9.0
Mathys Tel;fr FRA;FW,MF;20;0.0;2;256.0;2.8;0.0;1.0;1.0;0.0;0.0;0.0;0.0;0.0;0.7;0.7;0.3;1.0;6.0;9.0;34.0;0.35;Bayern Munich;0.0;0.0;0.0;0.0;0.0;0.24609374999999997;0.10546874999999999;0.3515625;10.0
Sven Ulreich;de GER;GK;36;0.0;1;90.0;1.0;0.0;0.0;0.0;0.0;0.0;0.0;0.0;0.0;0.0;0.0;0.0;0.0;0.0;0.0;0.0;0.0;Bayern Munich;0.0;0.0;0.0;0.0;0.0;0.0;0.0;0.0;10.0
Gabriel Vidovic;hr CRO;MF;21;0.0;0;24.0;0.3;0.0;0.0;0.0;0.0;0.0;0.0;0.0;0.0;0.1;0.1;0.0;0.1;0.0;0.0;3.0;0.0;Bayern Munich;0.0;0.0;0.0;0.0;0.0;0.375;0.0;0.375;10.0
Adam Aznou;ma MAR;DF;18;0.0;0;17.0;0.2;0.0;0.0;0.0;0.0;0.0;0.0;0.0;0.0;0.0;0.0;0.0;0.0;0.0;1.0;2.0;0.0;Bayern Munich;0.0;0.0;0.0;0.0;0.0;0.0;0.0;0.0;10.0
Jonah Kusi-Asare;se SWE;FW;17;0.0;0;3.0;0.0;0.0;0.0;0.0;0.0;0.0;0.0;0.0;0.0;0.0;0.0;0.0;0.0;0.0;0.0;0.0;0.0;Bayern Munich;0.0;0.0;0.0;0.0;0.0;0.0;0.0;0.0;10.0
Arijon Ibrahimović;de GER;FW;19;0.0;0;1.0;0.0;0.0;0.0;0.0;0.0;0.0;0.0;0.0;0.0;0.0;0.0;0.0;0.0;0.0;0.0;0.0;0.0;Bayern Munich;0.0;0.0;0.0;0.0;0.0;0.0;0.0;0.0;10.0
Lennart Karl;de GER;MF;17;0.0;0;0.0;0.0;0.0;0.0;0.0;0.0;0.0;0.0;0.0;0.0;0.0;0.0;0.0;0.0;0.0;0.0;0.0;0.0;Bayern Munich;0.0;0.0;0.0;0.0;0.0;0.0;0.0;0.0;10.0
Wisdom Mike;de GER;FW;16;0.0;0;0.0;0.0;0.0;0.0;0.0;0.0;0.0;0.0;0.0;0.0;0.0;0.0;0.0;0.0;0.0;0.0;0.0;0.0;Bayern Munich;0.0;0.0;0.0;0.0;0.0;0.0;0.0;0.0;10.0
Noel Nkili;de GER;MF;19;0.0;0;0.0;0.0;0.0;0.0;0.0;0.0;0.0;0.0;0.0;0.0;0.0;0.0;0.0;0.0;0.0;0.0;0.0;0.0;Bayern Munich;0.0;0.0;0.0;0.0;0.0;0.0;0.0;0.0;10.0
Anthony Pavlesic;au AUS;GK;19;0.0;0;0.0;0.0;0.0;0.0;0.0;0.0;0.0;0.0;0.0;0.0;0.0;0.0;0.0;0.0;0.0;0.0;0.0;0.0;Bayern Munich;0.0;0.0;0.0;0.0;0.0;0.0;0.0;0.0;10.0
Max Schmitt;de GER;GK;19;0.0;0;0.0;0.0;0.0;0.0;0.0;0.0;0.0;0.0;0.0;0.0;0.0;0.0;0.0;0.0;0.0;0.0;0.0;0.0;Bayern Munich;0.0;0.0;0.0;0.0;0.0;0.0;0.0;0.0;10.0
Mohamed Salah;eg EGY;FW;32;0.0;37;3281.0;36.5;28.0;18.0;46.0;19.0;9.0;9.0;1.0;0.0;24.8;17.8;13.7;31.5;153.0;140.0;470.0;1.01;Liverpool;0.0;0.0;0.0;0.0;0.7680585187442853;0.680280402316367;0.3758000609570253;1.0560804632733922;9.0
Virgil van Dijk;nl NED;DF;33;0.0;36;3240.0;36.0;3.0;1.0;4.0;3.0;0.0;0.0;4.0;0.0;2.2;2.2;0.7;3.0;18.0;182.0;6.0;0.11;Liverpool;0.0;0.0;0.0;0.0;0.08333333333333333;0.061111111111111116;0.019444444444444445;0.08055555555555556;6.0
Ryan Gravenberch;nl NED;MF;23;0.0;36;3093.0;34.4;0.0;4.0;4.0;0.0;0.0;0.0;5.0;0.0;1.1;1.1;2.9;4.0;67.0;174.0;54.0;0.12;Liverpool;0.0;0.0;0.0;0.0;0.0;0.03200775945683802;0.08438409311348205;0.11639185257032007;5.0
Alexis Mac Allister;ar ARG;MF;26;0.0;30;2599.0;28.9;5.0;5.0;10.0;5.0;0.0;0.0;6.0;0.0;2.8;2.8;4.7;7.5;36.0;177.0;80.0;0.35;Liverpool;0.0;0.0;0.0;0.0;0.17314351673720663;0.09696036937283571;0.16275490573297424;0.25971527510580994;4.0
Ibrahima Konaté;fr FRA;DF;25;0.0;29;2500.0;27.8;1.0;2.0;3.0;1.0;0.0;0.0;5.0;0.0;1.7;1.7;1.0;2.7;21.0;109.0;3.0;0.11;Liverpool;0.0;0.0;0.0;0.0;0.036;0.0612;0.036;0.09720000000000001;5.0
Dominik Szoboszlai;hu HUN;MF;24;0.0;28;2432.0;27.0;6.0;6.0;12.0;6.0;0.0;0.0;6.0;0.0;7.3;7.3;7.3;14.6;71.0;124.0;124.0;0.44;Liverpool;0.0;0.0;0.0;0.0;0.22203947368421054;0.2701480263157895;0.2701480263157895;0.540296052631579;4.0
Andrew Robertson;sct SCO;DF;31;0.0;28;2398.0;26.6;0.0;1.0;1.0;0.0;0.0;0.0;3.0;1.0;1.2;1.2;4.6;5.8;62.0;167.0;97.0;0.04;Liverpool;0.0;0.0;0.0;0.0;0.0;0.04503753127606338;0.1726438698915763;0.21768140116763968;4.0
Trent Alexander-Arnold;eng ENG;DF;26;0.0;28;2320.0;25.8;3.0;6.0;9.0;3.0;0.0;0.0;5.0;0.0;1.9;1.9;6.7;8.6;50.0;228.0;90.0;0.35;Liverpool;0.0;0.0;0.0;0.0;0.11637931034482758;0.07370689655172413;0.25991379310344825;0.3336206896551724;5.0
Alisson;br BRA;GK;32;0.0;27;2418.0;26.9;0.0;0.0;0.0;0.0;0.0;0.0;0.0;0.0;0.0;0.0;0.6;0.6;0.0;1.0;0.0;0.0;Liverpool;0.0;0.0;0.0;0.0;0.0;0.0;0.022332506203473945;0.022332506203473945;10.0
Luis Díaz;co COL;FW;28;0.0;27;2331.0;25.9;13.0;5.0;18.0;13.0;0.0;0.0;2.0;0.0;11.3;11.3;5.0;16.3;108.0;108.0;284.0;0.69;Liverpool;0.0;0.0;0.0;0.0;0.5019305019305019;0.43629343629343637;0.19305019305019305;0.6293436293436294;8.0
Cody Gakpo;nl NED;FW;26;0.0;22;1845.0;20.5;10.0;3.0;13.0;10.0;0.0;0.0;5.0;0.0;7.0;7.0;4.0;11.0;56.0;52.0;259.0;0.63;Liverpool;0.0;0.0;0.0;0.0;0.4878048780487805;0.34146341463414637;0.1951219512195122;0.5365853658536586;5.0
Curtis Jones;eng ENG;MF,DF;24;0.0;18;1621.0;18.0;3.0;3.0;6.0;3.0;0.0;0.0;3.0;1.0;4.3;4.3;1.1;5.4;28.0;104.0;76.0;0.33;Liverpool;0.0;0.0;0.0;0.0;0.1665638494756323;0.23874151758173964;0.06107341147439852;0.29981492905613816;4.0
Diogo Jota;pt POR;FW;28;0.0;14;1166.0;13.0;6.0;3.0;9.0;6.0;0.0;0.0;2.0;0.0;7.6;7.6;1.8;9.4;37.0;33.0;87.0;0.69;Liverpool;0.0;0.0;0.0;0.0;0.4631217838765008;0.5866209262435678;0.13893653516295026;0.725557461406518;8.0
Caoimhín Kelleher;ie IRL;GK;26;0.0;10;900.0;10.0;0.0;0.0;0.0;0.0;0.0;0.0;0.0;0.0;0.0;0.0;0.0;0.0;0.0;0.0;0.0;0.0;Liverpool;0.0;0.0;0.0;0.0;0.0;0.0;0.0;0.0;10.0
Kostas Tsimikas;gr GRE;DF;29;0.0;9;837.0;9.3;0.0;1.0;1.0;0.0;0.0;0.0;2.0;0.0;0.4;0.4;2.1;2.5;17.0;76.0;43.0;0.11;Liverpool;0.0;0.0;0.0;0.0;0.0;0.04301075268817204;0.22580645161290322;0.26881720430107525;8.0
Darwin Núñez;uy URU;FW;25;0.0;8;1103.0;12.3;5.0;2.0;7.0;5.0;0.0;0.0;8.0;0.0;5.3;5.3;1.3;6.6;23.0;27.0;76.0;0.57;Liverpool;0.0;0.0;0.0;0.0;0.40797824116047143;0.4324569356300997;0.10607434270172257;0.5385312783318222;2.0
Conor Bradley;nir NIR;DF;21;0.0;6;709.0;7.9;0.0;2.0;2.0;0.0;0.0;0.0;4.0;0.0;0.7;0.7;1.4;2.1;32.0;28.0;33.0;0.25;Liverpool;0.0;0.0;0.0;0.0;0.0;0.08885754583921014;0.17771509167842028;0.2665726375176304;6.0
Joe Gomez;eng ENG;DF;27;0.0;6;519.0;5.8;0.0;0.0;0.0;0.0;0.0;0.0;1.0;0.0;0.3;0.3;0.1;0.4;5.0;35.0;2.0;0.0;Liverpool;0.0;0.0;0.0;0.0;0.0;0.05202312138728324;0.017341040462427747;0.06936416184971099;9.0
Jarell Quansah;eng ENG;DF;22;0.0;4;495.0;5.5;0.0;0.0;0.0;0.0;0.0;0.0;2.0;0.0;0.1;0.1;0.1;0.2;3.0;19.0;4.0;0.0;Liverpool;0.0;0.0;0.0;0.0;0.0;0.018181818181818184;0.018181818181818184;0.03636363636363637;8.0
Harvey Elliott;eng ENG;MF,FW;22;0.0;2;365.0;4.1;1.0;2.0;3.0;1.0;0.0;0.0;1.0;0.0;1.8;1.8;1.1;2.8;10.0;44.0;30.0;0.74;Liverpool;0.0;0.0;0.0;0.0;0.24657534246575344;0.4438356164383562;0.2712328767123288;0.7150684931506851;9.0
Wataru Endo;jp JPN;MF,DF;32;0.0;1;251.0;2.8;0.0;0.0;0.0;0.0;0.0;0.0;0.0;0.0;0.0;0.0;0.1;0.1;1.0;15.0;7.0;0.0;Liverpool;0.0;0.0;0.0;0.0;0.0;0.0;0.035856573705179286;0.035856573705179286;10.0
Federico Chiesa;it ITA;FW;27;0.0;1;108.0;1.2;0.0;0.0;0.0;0.0;0.0;0.0;0.0;0.0;0.3;0.3;0.2;0.5;3.0;3.0;7.0;0.0;Liverpool;0.0;0.0;0.0;0.0;0.0;0.25;0.16666666666666669;0.4166666666666667;10.0
Vitezslav Jaros;cz CZE;GK;23;0.0;0;12.0;0.1;0.0;0.0;0.0;0.0;0.0;0.0;0.0;0.0;0.0;0.0;0.0;0.0;0.0;0.0;0.0;0.0;Liverpool;0.0;0.0;0.0;0.0;0.0;0.0;0.0;0.0;10.0
Jayden Danns;eng ENG;MF;19;0.0;0;11.0;0.1;0.0;0.0;0.0;0.0;0.0;0.0;0.0;0.0;0.0;0.0;0.0;0.0;0.0;0.0;0.0;0.0;Liverpool;0.0;0.0;0.0;0.0;0.0;0.0;0.0;0.0;10.0
Harvey Davies;eng ENG;GK;21;0.0;0;0.0;0.0;0.0;0.0;0.0;0.0;0.0;0.0;0.0;0.0;0.0;0.0;0.0;0.0;0.0;0.0;0.0;0.0;Liverpool;0.0;0.0;0.0;0.0;0.0;0.0;0.0;0.0;10.0
James McConnell;eng ENG;MF;20;0.0;0;0.0;0.0;0.0;0.0;0.0;0.0;0.0;0.0;0.0;0.0;0.0;0.0;0.0;0.0;0.0;0.0;0.0;0.0;Liverpool;0.0;0.0;0.0;0.0;0.0;0.0;0.0;0.0;10.0
Tyler Morton;eng ENG;MF;22;0.0;0;0.0;0.0;0.0;0.0;0.0;0.0;0.0;0.0;0.0;0.0;0.0;0.0;0.0;0.0;0.0;0.0;0.0;0.0;Liverpool;0.0;0.0;0.0;0.0;0.0;0.0;0.0;0.0;10.0
Amara Nallo;eng ENG;DF;18;0.0;0;0.0;0.0;0.0;0.0;0.0;0.0;0.0;0.0;0.0;0.0;0.0;0.0;0.0;0.0;0.0;0.0;0.0;0.0;Liverpool;0.0;0.0;0.0;0.0;0.0;0.0;0.0;0.0;10.0
Trey Nyoni;eng ENG;MF;17;0.0;0;0.0;0.0;0.0;0.0;0.0;0.0;0.0;0.0;0.0;0.0;0.0;0.0;0.0;0.0;0.0;0.0;0.0;0.0;Liverpool;0.0;0.0;0.0;0.0;0.0;0.0;0.0;0.0;10.0
Bernd Leno;de GER;GK;33;0.0;37;3330.0;37.0;0.0;1.0;1.0;0.0;0.0;0.0;5.0;0.0;0.0;0.0;0.1;0.1;0.0;0.0;0.0;0.03;Inter Milan;0.0;0.0;0.0;0.0;0.0;0.0;0.002702702702702703;0.002702702702702703;5.0
Alex Iwobi;ng NGA;FW,MF;29;0.0;35;2951.0;32.8;9.0;6.0;15.0;9.0;0.0;0.0;1.0;0.0;4.7;4.7;7.0;11.7;141.0;208.0;237.0;0.46;Inter Milan;0.0;0.0;0.0;0.0;0.27448322602507624;0.1433412402575398;0.21348695357505929;0.35682819383259906;9.0
Antonee Robinson;us USA;DF;27;0.0;34;3077.0;34.2;0.0;10.0;10.0;0.0;0.0;0.0;8.0;0.0;0.7;0.7;4.2;4.9;117.0;127.0;269.0;0.29;Inter Milan;0.0;0.0;0.0;0.0;0.0;0.020474488137796554;0.12284692882677933;0.1433214169645759;2.0
Calvin Bassey;ng NGA;DF;25;0.0;34;3074.0;34.2;1.0;0.0;1.0;1.0;0.0;0.0;7.0;0.0;1.0;1.0;0.1;1.2;39.0;116.0;15.0;0.03;Inter Milan;0.0;0.0;0.0;0.0;0.029277813923227064;0.029277813923227064;0.0029277813923227064;0.03220559531554977;3.0
Raúl Jiménez;mx MEX;FW;34;0.0;29;2404.0;26.7;12.0;3.0;15.0;9.0;3.0;3.0;4.0;0.0;11.7;9.4;3.3;12.7;35.0;61.0;124.0;0.45;Inter Milan;0.0;0.0;0.0;0.0;0.4492512479201331;0.4380199667221297;0.1235440931780366;0.5615640599001663;6.0
Joachim Andersen;dk DEN;DF;28;0.0;28;2493.0;27.7;0.0;0.0;0.0;0.0;0.0;0.0;6.0;1.0;1.0;1.0;0.3;1.4;16.0;111.0;2.0;0.0;Inter Milan;0.0;0.0;0.0;0.0;0.0;0.036101083032490974;0.010830324909747292;0.04693140794223827;1.0
Saša Lukić;rs SRB;MF;28;0.0;27;2259.0;25.1;0.0;2.0;2.0;0.0;0.0;0.0;12.0;0.0;1.2;1.2;2.7;3.9;39.0;94.0;31.0;0.08;Inter Milan;0.0;0.0;0.0;0.0;0.0;0.047808764940239036;0.10756972111553785;0.1553784860557769;0.0
Sander Berge;no NOR;MF;27;0.0;26;2219.0;24.7;0.0;0.0;0.0;0.0;0.0;0.0;6.0;0.0;0.2;0.2;0.6;0.8;29.0;120.0;9.0;0.0;Inter Milan;0.0;0.0;0.0;0.0;0.0;0.008111762054979722;0.02433528616493916;0.03244704821991889;4.0
Emile Smith Rowe;eng ENG;MF;24;0.0;25;2013.0;22.4;6.0;3.0;9.0;6.0;0.0;0.0;3.0;0.0;4.5;4.5;1.4;5.9;53.0;122.0;123.0;0.4;Inter Milan;0.0;0.0;0.0;0.0;0.26825633383010433;0.20119225037257824;0.06259314456035767;0.2637853949329359;7.0
Andreas Pereira;br BRA;MF;29;0.0;24;1953.0;21.7;2.0;4.0;6.0;2.0;0.0;1.0;7.0;0.0;3.5;2.7;4.5;7.2;29.0;103.0;80.0;0.28;Inter Milan;0.0;0.0;0.0;0.0;0.09216589861751152;0.16129032258064516;0.20737327188940094;0.3686635944700461;3.0
Kenny Tete;nl NED;DF;29;0.0;20;1684.0;18.7;0.0;2.0;2.0;0.0;0.0;0.0;5.0;0.0;1.3;1.3;0.9;2.2;34.0;62.0;53.0;0.11;Inter Milan;0.0;0.0;0.0;0.0;0.0;0.06947743467933491;0.04809976247030879;0.11757719714964371;5.0
Adama Traoré;es ESP;FW,MF;29;0.0;17;1699.0;18.9;2.0;7.0;9.0;2.0;0.0;0.0;3.0;0.0;3.9;3.9;4.9;8.8;99.0;67.0;156.0;0.48;Inter Milan;0.0;0.0;0.0;0.0;0.10594467333725721;0.20659211300765157;0.25956444967628023;0.4661565626839318;7.0
Timothy Castagne;be BEL;DF;29;0.0;17;1649.0;18.3;0.0;1.0;1.0;0.0;0.0;0.0;1.0;0.0;0.4;0.4;1.2;1.6;17.0;62.0;67.0;0.05;Inter Milan;0.0;0.0;0.0;0.0;0.0;0.021831412977562158;0.06549423893268647;0.08732565191024863;9.0
Issa Diop;fr FRA;DF;28;0.0;15;1339.0;14.9;0.0;0.0;0.0;0.0;0.0;0.0;2.0;0.0;0.5;0.5;0.1;0.6;6.0;25.0;3.0;0.0;Inter Milan;0.0;0.0;0.0;0.0;0.0;0.033607169529499624;0.006721433905899925;0.04032860343539955;8.0
Harry Wilson;wls WAL;FW,MF;28;0.0;11;1102.0;12.2;6.0;1.0;7.0;6.0;0.0;0.0;2.0;0.0;4.0;4.0;1.1;5.1;18.0;50.0;94.0;0.57;Inter Milan;0.0;0.0;0.0;0.0;0.49001814882032674;0.3266787658802178;0.0898366606170599;0.4165154264972777;8.0
Rodrigo Muniz;br BRA;FW;24;0.0;8;964.0;10.7;8.0;1.0;9.0;8.0;0.0;0.0;1.0;0.0;5.8;5.8;0.7;6.5;6.0;27.0;31.0;0.84;Inter Milan;0.0;0.0;0.0;0.0;0.7468879668049793;0.54149377593361;0.06535269709543569;0.6068464730290457;9.0
Ryan Sessegnon;eng ENG;FW,DF;25;0.0;7;563.0;6.3;4.0;2.0;6.0;4.0;0.0;0.0;1.0;0.0;1.6;1.6;1.0;2.6;15.0;20.0;56.0;0.96;Inter Milan;0.0;0.0;0.0;0.0;0.6394316163410302;0.2557726465364121;0.15985790408525755;0.41563055062166965;9.0
Reiss Nelson;eng ENG;FW;25;0.0;5;487.0;5.4;1.0;1.0;2.0;1.0;0.0;0.0;1.0;0.0;1.1;1.1;1.0;2.1;45.0;35.0;63.0;0.37;Inter Milan;0.0;0.0;0.0;0.0;0.18480492813141683;0.20328542094455854;0.18480492813141683;0.38809034907597534;9.0
Jorge Cuenca;es ESP;DF;25;0.0;3;261.0;2.9;0.0;0.0;0.0;0.0;0.0;0.0;0.0;0.0;0.0;0.0;0.0;0.0;0.0;9.0;0.0;0.0;Inter Milan;0.0;0.0;0.0;0.0;0.0;0.0;0.0;0.0;10.0
Tom Cairney;sct SCO;MF;34;0.0;2;555.0;6.2;2.0;0.0;2.0;2.0;0.0;0.0;3.0;1.0;0.5;0.5;1.0;1.5;17.0;51.0;33.0;0.32;Inter Milan;0.0;0.0;0.0;0.0;0.3243243243243243;0.08108108108108107;0.16216216216216214;0.24324324324324323;4.0
Willian;br BRA;FW,MF;36;0.0;2;257.0;2.9;0.0;0.0;0.0;0.0;0.0;0.0;0.0;0.0;0.3;0.3;0.5;0.8;11.0;40.0;33.0;0.0;Inter Milan;0.0;0.0;0.0;0.0;0.0;0.10505836575875485;0.17509727626459143;0.2801556420233463;10.0
Joshua King;eng ENG;MF;18;0.0;1;113.0;1.3;0.0;0.0;0.0;0.0;0.0;0.0;0.0;0.0;0.2;0.2;0.4;0.7;3.0;7.0;15.0;0.0;Inter Milan;0.0;0.0;0.0;0.0;0.0;0.1592920353982301;0.3185840707964602;0.47787610619469034;10.0
Harrison Reed;eng ENG;MF;30;0.0;0;108.0;1.2;0.0;0.0;0.0;0.0;0.0;0.0;2.0;0.0;0.2;0.2;0.1;0.3;1.0;4.0;7.0;0.0;Inter Milan;0.0;0.0;0.0;0.0;0.0;0.16666666666666669;0.08333333333333334;0.25000000000000006;8.0
Martial Godo;eng ENG;FW,DF;22;0.0;0;24.0;0.3;0.0;0.0;0.0;0.0;0.0;0.0;0.0;0.0;0.0;0.0;0.1;0.1;2.0;3.0;6.0;0.0;Inter Milan;0.0;0.0;0.0;0.0;0.0;0.0;0.375;0.375;10.0
Carlos Vinícius;br BRA;MF,FW;30;0.0;0;16.0;0.2;0.0;0.0;0.0;0.0;0.0;0.0;0.0;0.0;0.0;0.0;0.0;0.0;1.0;0.0;3.0;0.0;Inter Milan;0.0;0.0;0.0;0.0;0.0;0.0;0.0;0.0;10.0
Jay Stansfield;eng ENG;MF;22;0.0;0;1.0;0.0;0.0;0.0;0.0;0.0;0.0;0.0;0.0;0.0;0.0;0.0;0.0;0.0;0.0;0.0;0.0;0.0;Inter Milan;0.0;0.0;0.0;0.0;0.0;0.0;0.0;0.0;10.0
Samuel Amissah;eng ENG;DF;18;0.0;0;0.0;0.0;0.0;0.0;0.0;0.0;0.0;0.0;0.0;0.0;0.0;0.0;0.0;0.0;0.0;0.0;0.0;0.0;Inter Milan;0.0;0.0;0.0;0.0;0.0;0.0;0.0;0.0;10.0
Steven Benda;de GER;GK;26;0.0;0;0.0;0.0;0.0;0.0;0.0;0.0;0.0;0.0;0.0;0.0;0.0;0.0;0.0;0.0;0.0;0.0;0.0;0.0;Inter Milan;0.0;0.0;0.0;0.0;0.0;0.0;0.0;0.0;10.0
