Player;Nation;Pos;Age;MP;Starts;Min;90s;Gls;Ast;G+A;G-PK;PK;PKatt;CrdY;CrdR;xG;npxG;xAG;npxG+xAG;PrgC;PrgP;PrgR;G+A-PK;clubs;GoalsPer90;xGPer90;xAPer90;xGContribution;FairPlayScore;Nb_IndividualTitles;IndividualTitlesDetail;TeamTitles_Team;TeamTitlesDetail;ImpactScore;RecordsScore;PopularityScore;Finalist_UCL;BookmakersScore
Federico Valverde;uy URU;MF,DF;26;35.0;33;2942.0;32.7;6.0;4.0;10.0;6.0;0.0;0.0;4.0;0.0;2.6;2.6;3.1;5.7;65.0;221.0;74.0;0.31;Real Madrid;0.1835486063902107;0.0795377294357579;0.0948334466349422;0.1743711760707002;6.0;0;Aucun;1.0;Supercoupe UEFA;;;;;
Kylian Mbappé;fr FRA;FW;26;33.0;33;2817.0;31.3;29.0;3.0;32.0;22.0;7.0;8.0;3.0;1.0;23.8;17.4;7.5;24.9;150.0;134.0;370.0;0.8;Real Madrid;0.926517571884984;0.7603833865814696;0.2396166134185303;1.0;4.0;0;Aucun;;;9.5;6.0;10.0;0.0;2.5
Thibaut Courtois;be BEL;GK;33;30.0;30;2700.0;30.0;0.0;0.0;0.0;0.0;0.0;0.0;1.0;0.0;0.0;0.0;0.1;0.1;0.0;0.0;0.0;0.0;Real Madrid;0.0;0.0;0.0033333333333333;0.0033333333333333;9.0;0;Aucun;;;;;;;
Aurélien Tchouaméni;fr FRA;DF,MF;25;31.0;30;2634.0;29.3;0.0;0.0;0.0;0.0;0.0;0.0;5.0;0.0;1.6;1.6;0.6;2.1;19.0;152.0;13.0;0.0;Real Madrid;0.0;0.0546697038724373;0.020501138952164;0.0751708428246013;5.0;0;Aucun;;;;;;;
Jude Bellingham;eng ENG;MF;21;31.0;29;2488.0;27.6;9.0;8.0;17.0;8.0;1.0;2.0;5.0;1.0;11.4;9.9;3.9;13.7;74.0;199.0;143.0;0.58;Real Madrid;0.3255627009646302;0.4123794212218649;0.1410771704180064;0.5534565916398714;2.0;0;Aucun;1.0;Supercoupe UEFA;9.2;8.0;9.5;0.0;2.7
Antonio Rüdiger;de GER;DF;32;29.0;26;2291.0;25.5;0.0;0.0;0.0;0.0;0.0;0.0;3.0;0.0;1.7;1.7;0.5;2.3;20.0;94.0;4.0;0.0;Real Madrid;0.0;0.0667830641641204;0.0196420776953295;0.08642514185945;7.0;0;Aucun;;;;;;;
Vinicius Júnior;br BRA;FW;24;29.0;24;2217.0;24.6;11.0;7.0;18.0;9.0;2.0;3.0;8.0;1.0;10.2;8.0;7.9;15.9;167.0;82.0;252.0;0.65;Real Madrid;0.4465493910690122;0.4140730717185385;0.3207036535859269;0.7347767253044656;0.0;0;Aucun;;;9.0;7.0;9.3;0.0;3.2
Lucas Vázquez;es ESP;DF;33;31.0;24;2113.0;23.5;1.0;5.0;6.0;1.0;0.0;0.0;4.0;0.0;1.4;1.4;4.7;6.1;36.0;98.0;185.0;0.26;Real Madrid;0.0425934690014197;0.0596308566019876;0.2001893043066729;0.2598201609086606;6.0;0;Aucun;;;;;;;
Fran Garcia;es ESP;DF;25;30.0;23;2081.0;23.1;0.0;2.0;2.0;0.0;0.0;0.0;0.0;0.0;0.8;0.8;1.8;2.6;75.0;116.0;165.0;0.09;Real Madrid;0.0;0.0345987506006727;0.0778471888515136;0.1124459394521864;10.0;0;Aucun;;;;;;;
Rodrygo;br BRA;FW,MF;24;30.0;22;1928.0;21.4;6.0;5.0;11.0;6.0;0.0;0.0;0.0;0.0;4.0;3.9;3.0;6.9;113.0;108.0;253.0;0.51;Real Madrid;0.2800829875518672;0.1867219917012448;0.1400414937759336;0.3267634854771784;10.0;0;Aucun;1.0;Supercoupe UEFA;8.7;6.0;8.2;0.0;3.8
Raúl Asencio;es ESP;DF;22;22.0;17;1580.0;17.6;0.0;1.0;1.0;0.0;0.0;0.0;3.0;0.0;0.1;0.1;0.5;0.6;5.0;25.0;4.0;0.06;Real Madrid;0.0;0.0056962025316455;0.0284810126582278;0.0341772151898734;7.0;0;Aucun;;;;;;;
Luka Modrić;hr CRO;MF;39;34.0;16;1741.0;19.3;2.0;6.0;8.0;2.0;0.0;0.0;7.0;0.0;1.6;1.6;6.9;8.4;58.0;192.0;58.0;0.41;Real Madrid;0.1033888569787478;0.0827110855829982;0.35669155657668;0.4394026421596783;3.0;0;Aucun;;;;;;;
Brahim Díaz;ma MAR;FW,MF;25;30.0;15;1331.0;14.8;4.0;2.0;6.0;4.0;0.0;0.0;0.0;0.0;5.3;5.3;2.9;8.1;39.0;70.0;102.0;0.41;Real Madrid;0.270473328324568;0.3583771600300525;0.1960931630353117;0.5544703230653643;10.0;0;Aucun;;;;;;;
Dani Ceballos;es ESP;MF;28;22.0;14;1125.0;12.5;0.0;0.0;0.0;0.0;0.0;0.0;4.0;0.0;0.4;0.4;1.6;2.0;40.0;137.0;16.0;0.0;Real Madrid;0.0;0.032;0.128;0.16;6.0;0;Aucun;;;;;;;
Arda Güler;tr TUR;MF,FW;20;27.0;13;1160.0;12.9;3.0;4.0;7.0;3.0;0.0;0.0;1.0;0.0;3.3;3.3;3.8;7.0;33.0;85.0;81.0;0.54;Real Madrid;0.2327586206896551;0.2560344827586207;0.2948275862068965;0.5508620689655171;9.0;0;Aucun;;;;;;;
Ferland Mendy;fr FRA;DF;29;14.0;12;1005.0;11.2;0.0;1.0;1.0;0.0;0.0;0.0;1.0;1.0;0.0;0.0;0.5;0.5;12.0;36.0;40.0;0.09;Real Madrid;0.0;0.0;0.044776119402985;0.044776119402985;6.0;0;Aucun;;;;;;;
Eduardo Camavinga;fr FRA;MF,DF;22;19.0;11;1102.0;12.2;1.0;2.0;3.0;1.0;0.0;0.0;2.0;0.0;0.4;0.4;0.8;1.2;26.0;61.0;31.0;0.25;Real Madrid;0.0816696914700544;0.0326678765880217;0.0653357531760435;0.0980036297640653;8.0;0;Aucun;1.0;Supercoupe UEFA;;;;;
Éder Militão;br BRA;DF;27;12.0;11;938.0;10.4;1.0;1.0;2.0;1.0;0.0;0.0;2.0;0.0;0.6;0.6;0.5;1.1;7.0;46.0;1.0;0.19;Real Madrid;0.0959488272921108;0.0575692963752665;0.0479744136460554;0.1055437100213219;8.0;0;Aucun;;;;;;;
Dani Carvajal;es ESP;DF;33;8.0;7;609.0;6.8;1.0;0.0;1.0;1.0;0.0;0.0;1.0;0.0;1.3;1.3;0.2;1.5;13.0;27.0;48.0;0.15;Real Madrid;0.1477832512315271;0.1921182266009852;0.0295566502463054;0.2216748768472906;9.0;0;Aucun;1.0;Supercoupe UEFA;;;;;
Andriy Lunin;ua UKR;GK;26;6.0;6;540.0;6.0;0.0;1.0;1.0;0.0;0.0;0.0;0.0;0.0;0.0;0.0;0.9;0.9;0.0;0.0;0.0;0.17;Real Madrid;0.0;0.0;0.15;0.15;10.0;0;Aucun;1.0;Supercoupe UEFA;;;;;
David Alaba;at AUT;DF;32;7.0;4;317.0;3.5;0.0;0.0;0.0;0.0;0.0;0.0;1.0;0.0;0.0;0.0;0.1;0.1;2.0;7.0;4.0;0.0;Real Madrid;0.0;0.0;0.028391167192429;0.028391167192429;9.0;0;Aucun;;;;;;;
Endrick;br BRA;FW;18;22.0;3;363.0;4.0;1.0;0.0;1.0;1.0;0.0;0.0;1.0;0.0;2.5;2.5;0.5;3.0;12.0;8.0;32.0;0.25;Real Madrid;0.2479338842975206;0.6198347107438017;0.1239669421487603;0.7438016528925621;9.0;0;Aucun;;;;;;;
Jacobo Ramón;es ESP;DF;20;3.0;2;204.0;2.3;1.0;0.0;1.0;1.0;0.0;0.0;1.0;0.0;0.2;0.2;0.2;0.4;0.0;1.0;2.0;0.44;Real Madrid;0.4411764705882353;0.088235294117647;0.088235294117647;0.1764705882352941;9.0;0;Aucun;;;;;;;
Jesús Vallejo;es ESP;DF;28;3.0;1;103.0;1.1;0.0;1.0;1.0;0.0;0.0;0.0;0.0;0.0;0.0;0.0;0.1;0.1;0.0;5.0;1.0;0.87;Real Madrid;0.0;0.0;0.087378640776699;0.087378640776699;10.0;0;Aucun;;;;;;;
Fran;es ESP;GK;19;1.0;1;90.0;1.0;0.0;0.0;0.0;0.0;0.0;0.0;0.0;0.0;0.0;0.0;0.0;0.0;0.0;0.0;0.0;0.0;Real Madrid;0.0;0.0;0.0;0.0;10.0;0;Aucun;;;;;;;
Gonzalo García;es ESP;DF,FW;21;2.0;0;42.0;0.5;0.0;1.0;1.0;0.0;0.0;0.0;0.0;0.0;0.5;0.5;1.0;1.5;0.0;0.0;3.0;2.14;Real Madrid;0.0;1.0714285714285714;2.142857142857143;3.2142857142857144;10.0;0;Aucun;;;;;;;
Víctor Muñoz;es ESP;FW,DF;21;2.0;0;36.0;0.4;0.0;0.0;0.0;0.0;0.0;0.0;0.0;0.0;0.5;0.5;0.0;0.5;3.0;0.0;9.0;0.0;Real Madrid;0.0;1.25;0.0;1.25;10.0;0;Aucun;;;;;;;
Chema;es ESP;MF;20;1.0;0;8.0;0.1;0.0;0.0;0.0;0.0;0.0;0.0;0.0;0.0;0.0;0.0;0.0;0.0;0.0;0.0;0.0;0.0;Real Madrid;0.0;0.0;0.0;0.0;10.0;0;Aucun;;;;;;;
Lorenzo Aguado;es ESP;DF;22;2.0;0;5.0;0.1;0.0;0.0;0.0;0.0;0.0;0.0;0.0;0.0;0.0;0.0;0.0;0.0;0.0;0.0;0.0;0.0;Real Madrid;0.0;0.0;0.0;0.0;10.0;0;Aucun;;;;;;;
Daniel Yáñez;es ESP;FW;18;1.0;0;2.0;0.0;0.0;0.0;0.0;0.0;0.0;0.0;0.0;0.0;0.0;0.0;0.0;0.0;0.0;0.0;0.0;0.0;Real Madrid;0.0;0.0;0.0;0.0;10.0;0;Aucun;;;;;;;
Diego Aguado;es ESP;DF;18;0.0;0;0.0;0.0;0.0;0.0;0.0;0.0;0.0;0.0;0.0;0.0;0.0;0.0;0.0;0.0;0.0;0.0;0.0;0.0;Real Madrid;0.0;0.0;0.0;0.0;10.0;0;Aucun;;;;;;;
David Jiménez;es ESP;DF;21;0.0;0;0.0;0.0;0.0;0.0;0.0;0.0;0.0;0.0;0.0;0.0;0.0;0.0;0.0;0.0;0.0;0.0;0.0;0.0;Real Madrid;0.0;0.0;0.0;0.0;10.0;0;Aucun;;;;;;;
Youssef Lekhedim;es ESP;DF;19;0.0;0;0.0;0.0;0.0;0.0;0.0;0.0;0.0;0.0;0.0;0.0;0.0;0.0;0.0;0.0;0.0;0.0;0.0;0.0;Real Madrid;0.0;0.0;0.0;0.0;10.0;0;Aucun;;;;;;;
Sergio Mestre;es ESP;GK;20;0.0;0;0.0;0.0;0.0;0.0;0.0;0.0;0.0;0.0;0.0;0.0;0.0;0.0;0.0;0.0;0.0;0.0;0.0;0.0;Real Madrid;0.0;0.0;0.0;0.0;10.0;0;Aucun;;;;;;;
Mario Rivas;es ESP;DF;18;0.0;0;0.0;0.0;0.0;0.0;0.0;0.0;0.0;0.0;0.0;0.0;0.0;0.0;0.0;0.0;0.0;0.0;0.0;0.0;Real Madrid;0.0;0.0;0.0;0.0;10.0;0;Aucun;;;;;;;
Victor Valdepeñas;es ESP;DF;18;0.0;0;0.0;0.0;0.0;0.0;0.0;0.0;0.0;0.0;0.0;0.0;0.0;0.0;0.0;0.0;0.0;0.0;0.0;0.0;Real Madrid;0.0;0.0;0.0;0.0;10.0;0;Aucun;;;;;;;
Pedri;es ESP;MF;22;0.0;34;2799.0;31.1;4.0;5.0;9.0;4.0;0.0;0.0;3.0;0.0;2.2;2.2;7.4;9.6;92.0;355.0;134.0;0.29;Barcelona;0.1286173633440514;0.0707395498392283;0.2379421221864952;0.3086816720257235;7.0;2;Joueur du mois LaLiga Avril 2025,LA LIGA player of the season 2025 by THE ATHLETIC;3.0;Liga, Coupe dâEspagne, Supercoupe;8.8;7.0;8.7;0.0;4.2
Raphinha;br BRA;FW,MF;28;0.0;31;2776.0;30.8;18.0;9.0;27.0;16.0;2.0;2.0;4.0;0.0;19.2;17.6;12.1;29.7;93.0;135.0;344.0;0.81;Barcelona;0.5835734870317003;0.6224783861671469;0.3922910662824207;1.0147694524495676;6.0;1;Best European player of the year 2025 by THE ATHLETIC;3.0;Liga, Coupe dâEspagne, Supercoupe;9.0;6.0;7.9;0.0;3.3
Robert Lewandowski;pl POL;FW;36;0.0;31;2579.0;28.7;25.0;2.0;27.0;22.0;3.0;4.0;1.0;0.0;24.8;21.7;2.3;24.0;26.0;48.0;160.0;0.84;Barcelona;0.8724311748739821;0.8654517254749904;0.0802636680884063;0.9457153935633968;9.0;0;Aucun;3.0;Liga, Coupe dâEspagne, Supercoupe;;;;;
Lamine Yamal;es ESP;FW;17;0.0;30;2766.0;30.7;9.0;13.0;22.0;9.0;0.0;0.0;3.0;0.0;9.6;9.6;13.9;23.5;179.0;156.0;426.0;0.72;Barcelona;0.2928416485900217;0.3123644251626898;0.4522776572668113;0.764642082429501;7.0;1;Laureus Breakthrough of the Year 2025;3.0;Liga, Coupe dâEspagne, Supercoupe;9.1;10.0;8.8;0.0;3.0
Jules Koundé;fr FRA;DF;26;0.0;29;2605.0;28.9;2.0;3.0;5.0;2.0;0.0;0.0;4.0;0.0;1.8;1.8;3.9;5.7;44.0;165.0;190.0;0.17;Barcelona;0.0690978886756238;0.0621880998080614;0.1347408829174664;0.1969289827255278;6.0;0;Aucun;;;;;;;
Pau Cubarsí;es ESP;DF;18;0.0;28;2528.0;28.1;0.0;3.0;3.0;0.0;0.0;0.0;3.0;0.0;0.8;0.8;1.6;2.5;26.0;190.0;6.0;0.11;Barcelona;0.0;0.0284810126582278;0.0569620253164557;0.0854430379746835;7.0;0;Aucun;;;;;;;
Iñigo Martínez;es ESP;DF;34;0.0;28;2490.0;27.7;0.0;4.0;4.0;0.0;0.0;0.0;5.0;0.0;0.5;0.5;2.6;3.1;70.0;260.0;11.0;0.14;Barcelona;0.0;0.0180722891566265;0.0939759036144578;0.1120481927710843;5.0;0;Aucun;;;;;;;
Alejandro Balde;es ESP;DF;21;0.0;25;2204.0;24.5;0.0;4.0;4.0;0.0;0.0;0.0;2.0;0.0;0.5;0.5;3.4;3.9;104.0;90.0;241.0;0.16;Barcelona;0.0;0.0204174228675136;0.1388384754990925;0.1592558983666061;8.0;0;Aucun;3.0;Liga, Coupe dâEspagne, Supercoupe;;;;;
Marc Casado;es ESP;MF;21;0.0;20;1611.0;17.9;1.0;3.0;4.0;1.0;0.0;0.0;4.0;1.0;1.1;1.1;1.4;2.4;12.0;107.0;24.0;0.22;Barcelona;0.0558659217877095;0.0614525139664804;0.0782122905027933;0.1396648044692737;3.0;0;Aucun;;;;;;;
Wojciech Szczęsny;pl POL;GK;35;0.0;15;1350.0;15.0;0.0;0.0;0.0;0.0;0.0;0.0;0.0;0.0;0.0;0.0;0.0;0.0;0.0;0.0;0.0;0.0;Barcelona;0.0;0.0;0.0;0.0;10.0;0;Aucun;;;;;;;
Iñaki Peña;es ESP;GK;26;0.0;14;1306.0;14.5;0.0;0.0;0.0;0.0;0.0;0.0;1.0;0.0;0.0;0.0;0.0;0.0;0.0;3.0;0.0;0.0;Barcelona;0.0;0.0;0.0;0.0;9.0;0;Aucun;;;;;;;
Eric García;es ESP;DF,MF;24;0.0;13;1476.0;16.4;2.0;3.0;5.0;2.0;0.0;0.0;4.0;0.0;2.3;2.3;0.8;3.1;18.0;103.0;22.0;0.3;Barcelona;0.1219512195121951;0.1402439024390244;0.048780487804878;0.1890243902439024;6.0;0;Aucun;;;;;;;
Dani Olmo;es ESP;MF,FW;27;0.0;13;1185.0;13.2;9.0;3.0;12.0;8.0;1.0;1.0;1.0;0.0;5.7;4.9;2.9;7.8;31.0;79.0;96.0;0.84;Barcelona;0.6835443037974683;0.4329113924050633;0.220253164556962;0.6531645569620254;9.0;0;Aucun;;;;;;;
Gavi;es ESP;MF,FW;20;0.0;13;995.0;11.1;1.0;1.0;2.0;1.0;0.0;0.0;4.0;0.0;0.9;0.9;1.6;2.4;13.0;74.0;41.0;0.18;Barcelona;0.0904522613065326;0.0814070351758794;0.1447236180904522;0.2261306532663316;6.0;0;Aucun;3.0;Liga, Coupe dâEspagne, Supercoupe;;;;;
Ferrán Torres;es ESP;FW,MF;25;0.0;12;1106.0;12.3;10.0;6.0;16.0;10.0;0.0;0.0;1.0;1.0;8.0;8.0;3.1;11.0;23.0;35.0;98.0;1.3;Barcelona;0.8137432188065099;0.650994575045208;0.2522603978300181;0.903254972875226;6.0;0;Aucun;;;;;;;
Fermin López;es ESP;MF,FW;22;0.0;11;1162.0;12.9;6.0;4.0;10.0;6.0;0.0;0.0;4.0;1.0;5.5;5.5;3.1;8.6;28.0;73.0;101.0;0.77;Barcelona;0.4647160068846815;0.4259896729776248;0.2401032702237521;0.6660929432013769;3.0;0;Aucun;;;;;;;
Gerard Martín;es ESP;DF;23;0.0;11;1028.0;11.4;1.0;3.0;4.0;1.0;0.0;0.0;2.0;0.0;0.5;0.5;1.1;1.6;10.0;40.0;122.0;0.35;Barcelona;0.0875486381322957;0.0437743190661478;0.0963035019455253;0.1400778210116731;8.0;0;Aucun;;;;;;;
Ronald Araújo;uy URU;DF;26;0.0;10;691.0;7.7;1.0;1.0;2.0;1.0;0.0;0.0;3.0;0.0;1.0;1.0;0.4;1.4;6.0;47.0;3.0;0.26;Barcelona;0.130246020260492;0.130246020260492;0.0520984081041968;0.1823444283646888;7.0;0;Aucun;;;;;;;
Frenkie de Jong;nl NED;MF;28;0.0;9;1133.0;12.6;2.0;2.0;4.0;2.0;0.0;0.0;3.0;0.0;0.7;0.7;2.0;2.6;36.0;119.0;23.0;0.32;Barcelona;0.1588702559576346;0.0556045895851721;0.1588702559576346;0.2144748455428067;7.0;0;Aucun;;;;;;;
Marc-André ter Stegen;de GER;GK;33;0.0;8;674.0;7.5;0.0;0.0;0.0;0.0;0.0;0.0;0.0;0.0;0.0;0.0;0.0;0.0;0.0;2.0;0.0;0.0;Barcelona;0.0;0.0;0.0;0.0;10.0;0;Aucun;;;;;;;
Héctor Fort;es ESP;DF;18;0.0;5;585.0;6.5;0.0;0.0;0.0;0.0;0.0;0.0;2.0;0.0;0.2;0.2;0.9;1.1;14.0;26.0;33.0;0.0;Barcelona;0.0;0.0307692307692307;0.1384615384615384;0.1692307692307692;8.0;0;Aucun;;;;;;;
Pablo Torre;es ESP;MF,FW;22;0.0;4;310.0;3.4;3.0;1.0;4.0;3.0;0.0;0.0;0.0;0.0;0.4;0.4;0.8;1.1;5.0;17.0;20.0;1.16;Barcelona;0.8709677419354839;0.1161290322580645;0.232258064516129;0.3483870967741936;10.0;0;Aucun;;;;;;;
Marc Bernal;es ESP;MF;17;0.0;3;242.0;2.7;0.0;0.0;0.0;0.0;0.0;0.0;2.0;0.0;0.1;0.1;0.0;0.1;0.0;8.0;2.0;0.0;Barcelona;0.0;0.0371900826446281;0.0;0.0371900826446281;8.0;0;Aucun;;;;;;;
Ansu Fati;es ESP;FW;22;0.0;3;233.0;2.6;0.0;0.0;0.0;0.0;0.0;0.0;1.0;0.0;1.0;1.0;0.2;1.1;7.0;6.0;32.0;0.0;Barcelona;0.0;0.3862660944206008;0.0772532188841201;0.463519313304721;9.0;0;Aucun;;;;;;;
Pau Victor Delgado;es ESP;FW;23;0.0;2;317.0;3.5;2.0;1.0;3.0;2.0;0.0;0.0;2.0;0.0;3.0;3.0;0.9;3.9;6.0;11.0;28.0;0.85;Barcelona;0.5678233438485805;0.8517350157728707;0.2555205047318612;1.107255520504732;8.0;0;Aucun;;;;;;;
Andreas Christensen;dk DEN;DF;29;0.0;2;227.0;2.5;0.0;0.0;0.0;0.0;0.0;0.0;3.0;0.0;0.0;0.0;0.0;0.0;1.0;14.0;1.0;0.0;Barcelona;0.0;0.0;0.0;0.0;7.0;0;Aucun;;;;;;;
Sergi Dominguez;es ESP;DF;20;0.0;2;172.0;1.9;0.0;0.0;0.0;0.0;0.0;0.0;1.0;0.0;0.0;0.0;0.0;0.0;0.0;13.0;1.0;0.0;Barcelona;0.0;0.0;0.0;0.0;9.0;0;Aucun;;;;;;;
Daniel Rodriguez;es ESP;FW;19;0.0;1;37.0;0.4;0.0;0.0;0.0;0.0;0.0;0.0;0.0;0.0;0.0;0.0;0.0;0.0;4.0;2.0;9.0;0.0;Barcelona;0.0;0.0;0.0;0.0;10.0;0;Aucun;;;;;;;
Ander Astralaga;es ESP;GK;21;0.0;0;0.0;0.0;0.0;0.0;0.0;0.0;0.0;0.0;0.0;0.0;0.0;0.0;0.0;0.0;0.0;0.0;0.0;0.0;Barcelona;0.0;0.0;0.0;0.0;10.0;0;Aucun;;;;;;;
Álvaro Cortés;es ESP;DF;20;0.0;0;0.0;0.0;0.0;0.0;0.0;0.0;0.0;0.0;0.0;0.0;0.0;0.0;0.0;0.0;0.0;0.0;0.0;0.0;Barcelona;0.0;0.0;0.0;0.0;10.0;0;Aucun;;;;;;;
Andres Cuenca;es ESP;DF;17;0.0;0;0.0;0.0;0.0;0.0;0.0;0.0;0.0;0.0;0.0;0.0;0.0;0.0;0.0;0.0;0.0;0.0;0.0;0.0;Barcelona;0.0;0.0;0.0;0.0;10.0;0;Aucun;;;;;;;
Noah Darvich;de GER;MF;18;0.0;0;0.0;0.0;0.0;0.0;0.0;0.0;0.0;0.0;0.0;0.0;0.0;0.0;0.0;0.0;0.0;0.0;0.0;0.0;Barcelona;0.0;0.0;0.0;0.0;10.0;0;Aucun;;;;;;;
Landry Farré;es ESP;DF;18;0.0;0;0.0;0.0;0.0;0.0;0.0;0.0;0.0;0.0;0.0;0.0;0.0;0.0;0.0;0.0;0.0;0.0;0.0;0.0;Barcelona;0.0;0.0;0.0;0.0;10.0;0;Aucun;;;;;;;
Guillermo Fernandez;es ESP;MF;16;0.0;0;0.0;0.0;0.0;0.0;0.0;0.0;0.0;0.0;0.0;0.0;0.0;0.0;0.0;0.0;0.0;0.0;0.0;0.0;Barcelona;0.0;0.0;0.0;0.0;10.0;0;Aucun;;;;;;;
Toni Fernández;es ESP;MF;16;0.0;0;0.0;0.0;0.0;0.0;0.0;0.0;0.0;0.0;0.0;0.0;0.0;0.0;0.0;0.0;0.0;0.0;0.0;0.0;Barcelona;0.0;0.0;0.0;0.0;10.0;0;Aucun;;;;;;;
Diego Kochen;us USA;GK;19;0.0;0;0.0;0.0;0.0;0.0;0.0;0.0;0.0;0.0;0.0;0.0;0.0;0.0;0.0;0.0;0.0;0.0;0.0;0.0;Barcelona;0.0;0.0;0.0;0.0;10.0;0;Aucun;;;;;;;
Alexis Olmedo;es ESP;DF;19;0.0;0;0.0;0.0;0.0;0.0;0.0;0.0;0.0;0.0;0.0;0.0;0.0;0.0;0.0;0.0;0.0;0.0;0.0;0.0;Barcelona;0.0;0.0;0.0;0.0;10.0;0;Aucun;;;;;;;
Álex Valle;es ESP;DF;21;0.0;0;0.0;0.0;0.0;0.0;0.0;0.0;0.0;0.0;0.0;0.0;0.0;0.0;0.0;0.0;0.0;0.0;0.0;0.0;Barcelona;0.0;0.0;0.0;0.0;10.0;0;Aucun;;;;;;;
Áron Yaakobishvili;hu HUN;GK;19;0.0;0;0.0;0.0;0.0;0.0;0.0;0.0;0.0;0.0;0.0;0.0;0.0;0.0;0.0;0.0;0.0;0.0;0.0;0.0;Barcelona;0.0;0.0;0.0;0.0;10.0;0;Aucun;;;;;;;
Joško Gvardiol;hr CRO;DF;23;0.0;34;3097.0;34.4;5.0;0.0;5.0;5.0;0.0;0.0;2.0;0.0;4.4;4.1;2.0;6.1;87.0;256.0;112.0;0.15;Manchester City;0.145301905069422;0.1278656764610914;0.0581207620277688;0.1859864384888602;8.0;0;Aucun;;;;;;;
Erling Haaland;no NOR;FW;24;0.0;29;2570.0;28.6;21.0;3.0;24.0;19.0;2.0;3.0;2.0;0.0;20.9;18.5;2.9;21.4;20.0;18.0;110.0;0.77;Manchester City;0.735408560311284;0.7319066147859922;0.101556420233463;0.8334630350194551;8.0;0;Aucun;;;8.9;5.0;9.7;0.0;4.1
Bernardo Silva;pt POR;MF,FW;30;0.0;27;2491.0;27.7;3.0;4.0;7.0;3.0;0.0;0.0;7.0;0.0;3.6;3.6;4.4;8.0;98.0;122.0;191.0;0.25;Manchester City;0.1083902047370534;0.130068245684464;0.1589723002810116;0.2890405459654757;3.0;0;Aucun;;;8.5;5.0;8.5;0.0;4.8
Ederson;br BRA;GK;31;0.0;24;2140.0;23.8;0.0;4.0;4.0;0.0;0.0;0.0;3.0;0.0;0.0;0.0;1.5;1.5;0.0;2.0;0.0;0.17;Manchester City;0.0;0.0;0.0630841121495327;0.0630841121495327;7.0;0;Aucun;;;;;;;
Mateo Kovačić;hr CRO;MF;31;0.0;24;2132.0;23.7;6.0;1.0;7.0;6.0;0.0;0.0;5.0;0.0;1.9;1.9;3.6;5.4;54.0;156.0;15.0;0.3;Manchester City;0.2532833020637898;0.0802063789868667;0.1519699812382739;0.2321763602251407;5.0;0;Aucun;;;;;;;
Rúben Dias;pt POR;DF;28;0.0;23;2091.0;23.2;0.0;0.0;0.0;0.0;0.0;0.0;4.0;0.0;1.5;1.5;0.3;1.8;38.0;143.0;8.0;0.0;Manchester City;0.0;0.0645624103299856;0.0129124820659971;0.0774748923959827;6.0;0;Aucun;;;;;;;
İlkay Gündoğan;de GER;MF;34;0.0;23;2050.0;22.8;0.0;5.0;5.0;0.0;0.0;0.0;1.0;0.0;2.7;2.7;2.8;5.5;57.0;115.0;86.0;0.22;Manchester City;0.0;0.1185365853658536;0.1229268292682926;0.2414634146341463;9.0;0;Aucun;;;;;;;
Rico Lewis;eng ENG;DF,MF;20;0.0;21;1893.0;21.0;1.0;2.0;3.0;1.0;0.0;0.0;5.0;1.0;1.4;1.4;0.3;1.7;39.0;107.0;78.0;0.14;Manchester City;0.0475435816164817;0.0665610142630744;0.0142630744849445;0.080824088748019;2.0;0;Aucun;;;;;;;
Manuel Akanji;ch SUI;DF;29;0.0;21;1834.0;20.4;0.0;0.0;0.0;0.0;0.0;0.0;3.0;0.0;1.1;1.1;0.4;1.5;41.0;150.0;6.0;0.0;Manchester City;0.0;0.0539803707742639;0.0196292257360959;0.0736095965103598;7.0;0;Aucun;;;;;;;
Sávio;br BRA;FW,MF;21;0.0;21;1749.0;19.4;1.0;8.0;9.0;1.0;0.0;0.0;3.0;0.0;5.0;5.0;6.9;11.9;135.0;66.0;244.0;0.46;Manchester City;0.0514579759862778;0.2572898799313893;0.3550600343053173;0.6123499142367067;7.0;0;Aucun;;;;;;;
Phil Foden;eng ENG;MF,FW;24;0.0;20;1768.0;19.6;7.0;2.0;9.0;7.0;0.0;0.0;2.0;0.0;5.2;5.2;4.8;9.9;50.0;103.0;128.0;0.46;Manchester City;0.3563348416289592;0.2647058823529412;0.2443438914027149;0.5090497737556561;8.0;0;Aucun;;;;;;;
Kevin De Bruyne;be BEL;MF,FW;33;0.0;18;1628.0;18.1;4.0;7.0;11.0;4.0;0.0;0.0;2.0;0.0;4.2;4.2;7.9;12.1;50.0;153.0;143.0;0.61;Manchester City;0.2211302211302211;0.2321867321867322;0.4367321867321868;0.668918918918919;8.0;0;Aucun;;;8.4;5.0;8.5;0.0;4.9
Matheus Nunes;pt POR;DF,MF;26;0.0;17;1494.0;16.6;1.0;5.0;6.0;1.0;0.0;0.0;4.0;0.0;0.9;0.9;4.2;5.1;59.0;69.0;156.0;0.36;Manchester City;0.0602409638554216;0.0542168674698795;0.253012048192771;0.3072289156626506;6.0;0;Aucun;;;;;;;
Jeremy Doku;be BEL;FW,MF;22;0.0;15;1442.0;16.0;3.0;6.0;9.0;3.0;0.0;0.0;1.0;0.0;1.0;1.0;4.7;5.7;201.0;67.0;274.0;0.56;Manchester City;0.1872399445214979;0.0624133148404993;0.2933425797503468;0.355755894590846;9.0;0;Aucun;;;;;;;
Stefan Ortega;de GER;GK;32;0.0;12;1100.0;12.2;0.0;0.0;0.0;0.0;0.0;0.0;1.0;0.0;0.0;0.0;0.0;0.0;0.0;0.0;0.0;0.0;Manchester City;0.0;0.0;0.0;0.0;9.0;0;Aucun;;;;;;;
Omar Marmoush;eg EGY;FW,MF;26;0.0;12;1005.0;11.2;6.0;0.0;6.0;6.0;0.0;0.0;0.0;0.0;4.9;4.9;1.7;6.6;22.0;29.0;68.0;0.54;Manchester City;0.5373134328358209;0.4388059701492537;0.1522388059701492;0.5910447761194031;10.0;0;Aucun;;;;;;;
Kyle Walker;eng ENG;DF;34;0.0;9;970.0;10.8;0.0;0.0;0.0;0.0;0.0;0.0;3.0;0.0;0.1;0.1;0.4;0.6;12.0;64.0;11.0;0.0;Manchester City;0.0;0.0092783505154639;0.0371134020618556;0.0463917525773195;7.0;0;Aucun;;;;;;;
Nathan Aké;nl NED;DF;30;0.0;8;678.0;7.5;0.0;0.0;0.0;0.0;0.0;0.0;0.0;0.0;0.2;0.2;0.0;0.2;12.0;50.0;2.0;0.0;Manchester City;0.0;0.0265486725663716;0.0;0.0265486725663716;10.0;0;Aucun;;;;;;;
Nicolás González;es ESP;MF;23;0.0;8;648.0;7.2;0.0;0.0;0.0;0.0;0.0;0.0;3.0;0.0;0.3;0.3;0.1;0.3;5.0;46.0;10.0;0.0;Manchester City;0.0;0.0416666666666666;0.0138888888888888;0.0555555555555555;7.0;0;Aucun;;;;;;;
Jack Grealish;eng ENG;FW,MF;29;0.0;7;720.0;8.0;1.0;1.0;2.0;1.0;0.0;0.0;3.0;0.0;1.1;1.1;1.8;3.0;69.0;52.0;118.0;0.25;Manchester City;0.125;0.1375;0.225;0.3625;7.0;0;Aucun;;;;;;;
John Stones;eng ENG;DF,MF;30;0.0;6;548.0;6.1;2.0;0.0;2.0;2.0;0.0;0.0;1.0;0.0;0.4;0.4;0.1;0.5;10.0;21.0;2.0;0.33;Manchester City;0.3284671532846716;0.0656934306569343;0.0164233576642335;0.0821167883211679;9.0;0;Aucun;;;;;;;
Nico O’Reilly;eng ENG;DF;20;0.0;6;528.0;5.9;2.0;0.0;2.0;2.0;0.0;0.0;0.0;0.0;1.3;1.3;0.4;1.6;16.0;17.0;26.0;0.34;Manchester City;0.3409090909090909;0.2215909090909091;0.0681818181818181;0.2897727272727273;10.0;0;Aucun;;;;;;;
Abdukodir Khusanov;uz UZB;DF;21;0.0;6;503.0;5.6;0.0;0.0;0.0;0.0;0.0;0.0;1.0;0.0;0.0;0.0;0.1;0.1;1.0;25.0;2.0;0.0;Manchester City;0.0;0.0;0.0178926441351888;0.0178926441351888;9.0;0;Aucun;;;;;;;
James Mcatee;eng ENG;MF,FW;22;0.0;3;349.0;3.9;3.0;0.0;3.0;3.0;0.0;0.0;1.0;0.0;2.8;2.8;0.5;3.3;7.0;7.0;32.0;0.77;Manchester City;0.7736389684813754;0.7220630372492837;0.1289398280802292;0.8510028653295129;9.0;0;Aucun;;;;;;;
Jahmai Simpson-Pusey;eng ENG;DF;19;0.0;1;96.0;1.1;0.0;0.0;0.0;0.0;0.0;0.0;1.0;0.0;0.0;0.0;0.0;0.0;1.0;3.0;0.0;0.0;Manchester City;0.0;0.0;0.0;0.0;9.0;0;Aucun;;;;;;;
Rodri;es ESP;MF;28;0.0;1;65.0;0.7;0.0;0.0;0.0;0.0;0.0;0.0;0.0;0.0;0.0;0.0;0.0;0.0;0.0;4.0;1.0;0.0;Manchester City;0.0;0.0;0.0;0.0;10.0;0;Aucun;;;;;;;
Divin Mubama;eng ENG;FW;20;0.0;0;28.0;0.3;0.0;0.0;0.0;0.0;0.0;0.0;0.0;0.0;0.0;0.0;0.0;0.0;0.0;1.0;0.0;0.0;Manchester City;0.0;0.0;0.0;0.0;10.0;0;Aucun;;;;;;;
Oscar Bobb;no NOR;FW;21;0.0;0;15.0;0.2;0.0;0.0;0.0;0.0;0.0;0.0;0.0;0.0;0.0;0.0;0.1;0.1;1.0;1.0;1.0;0.0;Manchester City;0.0;0.0;0.6000000000000001;0.6000000000000001;10.0;0;Aucun;;;;;;;
Vitor Reis;br BRA;DF;19;0.0;0;1.0;0.0;0.0;0.0;0.0;0.0;0.0;0.0;0.0;0.0;0.0;0.0;0.0;0.0;0.0;0.0;0.0;0.0;Manchester City;0.0;0.0;0.0;0.0;10.0;0;Aucun;;;;;;;
Max Alleyne;eng ENG;DF;19;0.0;0;0.0;0.0;0.0;0.0;0.0;0.0;0.0;0.0;0.0;0.0;0.0;0.0;0.0;0.0;0.0;0.0;0.0;0.0;Manchester City;0.0;0.0;0.0;0.0;10.0;0;Aucun;;;;;;;
Thorsten Brits;eng ENG;GK;17;0.0;0;0.0;0.0;0.0;0.0;0.0;0.0;0.0;0.0;0.0;0.0;0.0;0.0;0.0;0.0;0.0;0.0;0.0;0.0;Manchester City;0.0;0.0;0.0;0.0;10.0;0;Aucun;;;;;;;
Scott Carson;eng ENG;GK;39;0.0;0;0.0;0.0;0.0;0.0;0.0;0.0;0.0;0.0;0.0;0.0;0.0;0.0;0.0;0.0;0.0;0.0;0.0;0.0;Manchester City;0.0;0.0;0.0;0.0;10.0;0;Aucun;;;;;;;
Issa Kaboré;bf BFA;DF,MF;24;0.0;0;0.0;0.0;0.0;0.0;0.0;0.0;0.0;0.0;0.0;0.0;0.0;0.0;0.0;0.0;0.0;0.0;0.0;0.0;Manchester City;0.0;0.0;0.0;0.0;10.0;0;Aucun;;;;;;;
Josh Wilson-Esbrand;eng ENG;DF;22;0.0;0;0.0;0.0;0.0;0.0;0.0;0.0;0.0;0.0;0.0;0.0;0.0;0.0;0.0;0.0;0.0;0.0;0.0;0.0;Manchester City;0.0;0.0;0.0;0.0;10.0;0;Aucun;;;;;;;
Jacob Wright;eng ENG;MF;19;0.0;0;0.0;0.0;0.0;0.0;0.0;0.0;0.0;0.0;0.0;0.0;0.0;0.0;0.0;0.0;0.0;0.0;0.0;0.0;Manchester City;0.0;0.0;0.0;0.0;10.0;0;Aucun;;;;;;;
Bradley Barcola;fr FRA;FW;22;34.0;27;2181.0;24.2;14.0;10.0;24.0;14.0;0.0;0.0;2.0;0.0;13.4;13.4;10.1;23.5;137.0;96.0;374.0;0.99;Paris SG;0.577716643741403;0.5529573590096286;0.4167812929848693;0.969738651994498;8.0;0;Aucun;;;;;;;
Gianluigi Donnarumma;it ITA;GK;26;24.0;24;2091.0;23.2;0.0;0.0;0.0;0.0;0.0;0.0;2.0;0.0;0.0;0.0;0.0;0.0;0.0;0.0;0.0;0.0;Paris SG;0.0;0.0;0.0;0.0;8.0;0;Aucun;;;8.5;4.0;8.3;1.0;4.6
Achraf Hakimi;ma MAR;DF;26;25.0;24;2066.0;23.0;4.0;6.0;10.0;4.0;0.0;0.0;4.0;0.0;2.9;2.9;6.2;9.1;93.0;183.0;274.0;0.44;Paris SG;0.1742497579864472;0.1263310745401742;0.2700871248789932;0.3964181994191674;6.0;0;Aucun;1.0;Ligue 1 2024/25;8.2;6.0;9.0;1.0;4.4
Willian Pacho;ec ECU;DF;23;28.0;23;2132.0;23.7;0.0;1.0;1.0;0.0;0.0;0.0;2.0;0.0;0.3;0.3;0.3;0.6;3.0;53.0;1.0;0.04;Paris SG;0.0;0.0126641651031894;0.0126641651031894;0.0253283302063789;8.0;0;Aucun;;;;;;;
Warren Zaïre-Emery;fr FRA;MF,DF;19;29.0;23;2050.0;22.8;1.0;2.0;3.0;1.0;0.0;0.0;3.0;0.0;1.7;1.7;1.4;3.1;49.0;135.0;92.0;0.13;Paris SG;0.0439024390243902;0.0746341463414634;0.0614634146341463;0.1360975609756097;7.0;0;Aucun;;;;;;;
Lucas Beraldo;br BRA;DF;21;25.0;22;2011.0;22.3;1.0;0.0;1.0;1.0;0.0;0.0;6.0;0.0;0.9;0.9;0.4;1.2;9.0;131.0;0.0;0.04;Paris SG;0.0447538538040775;0.0402784684236698;0.017901541521631;0.0581800099453008;4.0;0;Aucun;;;;;;;
João Neves;pt POR;MF,DF;20;29.0;22;1844.0;20.5;3.0;8.0;11.0;3.0;0.0;0.0;1.0;0.0;3.0;3.0;4.0;7.0;35.0;144.0;80.0;0.54;Paris SG;0.1464208242950108;0.1464208242950108;0.1952277657266811;0.341648590021692;9.0;0;Aucun;;;;;;;
Fabián Ruiz Peña;es ESP;MF;29;30.0;21;1923.0;21.4;4.0;5.0;9.0;4.0;0.0;0.0;1.0;0.0;4.3;4.3;4.7;9.0;47.0;205.0;92.0;0.42;Paris SG;0.187207488299532;0.2012480499219968;0.21996879875195;0.4212168486739469;9.0;0;Aucun;;;;;;;
Vitinha;pt POR;MF;25;29.0;20;2042.0;22.7;5.0;1.0;6.0;3.0;2.0;2.0;1.0;0.0;3.4;1.8;2.6;4.4;53.0;224.0;57.0;0.18;Paris SG;0.2203721841332027;0.1498530852105778;0.1145935357492654;0.2644466209598433;9.0;0;Aucun;;;;;;;
Ousmane Dembélé;fr FRA;FW;28;29.0;20;1730.0;19.2;21.0;6.0;27.0;20.0;1.0;1.0;1.0;0.0;16.6;15.8;8.2;24.0;127.0;137.0;252.0;1.35;Paris SG;1.092485549132948;0.8635838150289018;0.4265895953757225;1.2901734104046243;9.0;4;Joueur de l'ann�e de Ligue 1 (UNFP), Meilleur buteur de Ligue 1, �quipe type de Ligue 1 (UNFP), Homme du match � Troph�e des Champions 2024;;;9.3;6.0;8.7;1.0;2.3
Marquinhos;br BRA;DF;31;22.0;19;1725.0;19.2;2.0;0.0;2.0;2.0;0.0;0.0;3.0;0.0;1.1;1.1;0.8;1.9;29.0;151.0;4.0;0.1;Paris SG;0.1043478260869565;0.057391304347826;0.0417391304347826;0.0991304347826086;7.0;0;Aucun;;;;;;;
Nuno Mendes;pt POR;DF;22;24.0;19;1676.0;18.6;1.0;3.0;4.0;1.0;0.0;0.0;3.0;0.0;2.2;2.2;5.0;7.2;58.0;127.0;108.0;0.21;Paris SG;0.0536992840095465;0.1181384248210023;0.2684964200477326;0.386634844868735;7.0;0;Aucun;;;;;;;
Lee Kang-in;kr KOR;FW,MF;24;30.0;19;1663.0;18.5;6.0;6.0;12.0;6.0;0.0;0.0;1.0;0.0;3.5;3.5;5.6;9.1;50.0;143.0;138.0;0.65;Paris SG;0.3247143716175586;0.1894167167769092;0.3030667468430547;0.4924834636199639;9.0;0;Aucun;;;;;;;
Désiré Doué;fr FRA;FW,MF;19;31.0;18;1730.0;19.2;6.0;6.0;12.0;6.0;0.0;0.0;1.0;0.0;5.1;5.1;7.8;13.0;97.0;139.0;232.0;0.62;Paris SG;0.3121387283236994;0.2653179190751445;0.4057803468208092;0.6710982658959537;9.0;0;Aucun;;;;;;;
Gonçalo Ramos;pt POR;FW;23;22.0;12;1066.0;11.8;10.0;3.0;13.0;8.0;2.0;3.0;1.0;0.0;13.6;11.3;2.2;13.4;11.0;24.0;63.0;0.93;Paris SG;0.8442776735459662;1.148217636022514;0.1857410881801126;1.3339587242026267;9.0;0;Aucun;;;;;;;
Khvicha Kvaratskhelia;ge GEO;FW;24;14.0;11;916.0;10.2;4.0;3.0;7.0;4.0;0.0;0.0;0.0;0.0;3.3;3.3;4.9;8.2;50.0;43.0;131.0;0.69;Paris SG;0.3930131004366812;0.324235807860262;0.4814410480349345;0.8056768558951964;10.0;0;Aucun;;;;;;;
Lucas Hernández;fr FRA;DF;29;16.0;10;877.0;9.7;0.0;0.0;0.0;0.0;0.0;0.0;2.0;0.0;0.0;0.0;0.1;0.1;6.0;50.0;4.0;0.0;Paris SG;0.0;0.0;0.0102622576966932;0.0102622576966932;8.0;0;Aucun;;;;;;;
Matvei Safonov;ru RUS;GK;26;10.0;9;879.0;9.8;0.0;0.0;0.0;0.0;0.0;0.0;0.0;0.0;0.0;0.0;0.0;0.0;0.0;0.0;0.0;0.0;Paris SG;0.0;0.0;0.0;0.0;10.0;0;Aucun;;;;;;;
Senny Mayulu;fr FRA;MF;19;20.0;8;808.0;9.0;2.0;2.0;4.0;2.0;0.0;0.0;1.0;0.0;2.9;2.9;2.1;4.9;29.0;46.0;56.0;0.45;Paris SG;0.2227722772277227;0.323019801980198;0.2339108910891089;0.556930693069307;9.0;0;Aucun;;;;;;;
Marco Asensio;es ESP;FW,MF;29;12.0;8;618.0;6.9;2.0;4.0;6.0;2.0;0.0;0.0;0.0;0.0;5.6;5.6;2.7;8.3;19.0;36.0;49.0;0.87;Paris SG;0.2912621359223301;0.8155339805825242;0.3932038834951457;1.20873786407767;10.0;0;Aucun;;;;;;;
Milan Škriniar;sk SVK;DF;30;5.0;4;382.0;4.2;0.0;0.0;0.0;0.0;0.0;0.0;1.0;0.0;0.2;0.2;0.1;0.3;3.0;20.0;0.0;0.0;Paris SG;0.0;0.0471204188481675;0.0235602094240837;0.0706806282722513;9.0;0;Aucun;;;;;;;
Ibrahim Mbaye;fr FRA;FW,MF;17;9.0;4;340.0;3.8;1.0;1.0;2.0;1.0;0.0;0.0;0.0;0.0;1.8;1.8;1.1;2.9;15.0;9.0;54.0;0.53;Paris SG;0.2647058823529412;0.4764705882352941;0.2911764705882353;0.7676470588235296;10.0;0;Aucun;;;;;;;
Randal Kolo Muani;fr FRA;FW;26;10.0;2;358.0;4.0;2.0;1.0;3.0;1.0;1.0;1.0;0.0;0.0;4.7;3.9;0.9;4.7;8.0;5.0;35.0;0.5;Paris SG;0.5027932960893855;1.181564245810056;0.2262569832402234;1.4078212290502794;10.0;0;Aucun;;;;;;;
Yoram Zague;fr FRA;DF,FW;19;4.0;2;183.0;2.0;0.0;0.0;0.0;0.0;0.0;0.0;0.0;0.0;0.1;0.1;0.1;0.1;5.0;10.0;17.0;0.0;Paris SG;0.0;0.0491803278688524;0.0491803278688524;0.0983606557377049;10.0;0;Aucun;;;;;;;
Axel Tapé;fr FRA;DF,MF;17;2.0;2;180.0;2.0;0.0;0.0;0.0;0.0;0.0;0.0;1.0;0.0;0.0;0.0;0.0;0.1;1.0;5.0;1.0;0.0;Paris SG;0.0;0.0;0.0;0.0;9.0;0;Aucun;;;;;;;
Arnau Tenas;es ESP;GK;23;1.0;1;90.0;1.0;0.0;1.0;1.0;0.0;0.0;0.0;0.0;0.0;0.0;0.0;0.2;0.2;0.0;1.0;0.0;1.0;Paris SG;0.0;0.0;0.2;0.2;10.0;0;Aucun;;;;;;;
Noham Kamara;fr FRA;DF;18;2.0;0;76.0;0.8;0.0;0.0;0.0;0.0;0.0;0.0;0.0;0.0;0.0;0.0;0.0;0.0;2.0;5.0;0.0;0.0;Paris SG;0.0;0.0;0.0;0.0;10.0;0;Aucun;;;;;;;
Presnel Kimpembe;fr FRA;DF;29;2.0;0;23.0;0.3;0.0;0.0;0.0;0.0;0.0;0.0;0.0;0.0;0.0;0.0;0.0;0.0;0.0;1.0;0.0;0.0;Paris SG;0.0;0.0;0.0;0.0;10.0;0;Aucun;;;;;;;
Naoufel El Hannach;ma MAR;DF;18;0.0;0;0.0;0.0;0.0;0.0;0.0;0.0;0.0;0.0;0.0;0.0;0.0;0.0;0.0;0.0;0.0;0.0;0.0;0.0;Paris SG;0.0;0.0;0.0;0.0;10.0;0;Aucun;;;;;;;
Louis Mouquet;pt POR;GK;20;0.0;0;0.0;0.0;0.0;0.0;0.0;0.0;0.0;0.0;0.0;0.0;0.0;0.0;0.0;0.0;0.0;0.0;0.0;0.0;Paris SG;0.0;0.0;0.0;0.0;10.0;0;Aucun;;;;;;;
Quentin Ndjantou Mbitcha;fr FRA;FW;17;0.0;0;0.0;0.0;0.0;0.0;0.0;0.0;0.0;0.0;0.0;0.0;0.0;0.0;0.0;0.0;0.0;0.0;0.0;0.0;Paris SG;0.0;0.0;0.0;0.0;10.0;0;Aucun;;;;;;;
Wassim Slama;fr FRA;MF;16;0.0;0;0.0;0.0;0.0;0.0;0.0;0.0;0.0;0.0;0.0;0.0;0.0;0.0;0.0;0.0;0.0;0.0;0.0;0.0;Paris SG;0.0;0.0;0.0;0.0;10.0;0;Aucun;;;;;;;
Carlos Soler;es ESP;MF;28;0.0;0;0.0;0.0;0.0;0.0;0.0;0.0;0.0;0.0;0.0;0.0;0.0;0.0;0.0;0.0;0.0;0.0;0.0;0.0;Paris SG;0.0;0.0;0.0;0.0;10.0;0;Aucun;;;;;;;
Joshua Kimmich;de GER;MF;30;0.0;32;2847.0;31.6;3.0;7.0;10.0;3.0;0.0;0.0;4.0;0.0;1.8;1.8;7.4;9.2;51.0;362.0;77.0;0.32;Bayern Munich;0.0948366701791359;0.0569020021074815;0.2339304531085353;0.2908324552160169;6.0;0;Aucun;;;;;;;
Harry Kane;eng ENG;FW;31;0.0;28;2381.0;26.5;26.0;9.0;35.0;17.0;9.0;9.0;5.0;0.0;20.3;13.3;5.3;18.6;29.0;97.0;143.0;0.98;Bayern Munich;0.982780344393112;0.7673246535069299;0.2003359932801343;0.9676606467870644;5.0;0;Aucun;0.1;Bundesliga 2024/2025;8.6;6.0;9.0;0.0;4.5
Michael Olise;fr FRA;FW,MF;23;0.0;28;2334.0;25.9;12.0;15.0;27.0;12.0;0.0;0.0;3.0;0.0;9.7;9.7;12.0;21.7;119.0;184.0;381.0;1.04;Bayern Munich;0.4627249357326478;0.3740359897172236;0.4627249357326478;0.8367609254498715;7.0;0;Aucun;;;;;;;
Kim Min-jae;kr KOR;DF;28;0.0;27;2283.0;25.4;2.0;0.0;2.0;2.0;0.0;0.0;2.0;0.0;1.6;1.6;0.3;1.9;16.0;181.0;5.0;0.08;Bayern Munich;0.0788436268068331;0.0630749014454665;0.0118265440210249;0.0749014454664914;8.0;0;Aucun;;;;;;;
Manuel Neuer;de GER;GK;39;0.0;22;1980.0;22.0;0.0;0.0;0.0;0.0;0.0;0.0;0.0;0.0;0.0;0.0;0.5;0.5;0.0;10.0;0.0;0.0;Bayern Munich;0.0;0.0;0.0227272727272727;0.0227272727272727;10.0;0;Aucun;;;;;;;
Jamal Musiala;de GER;MF;22;0.0;21;1798.0;20.0;12.0;2.0;14.0;12.0;0.0;0.0;3.0;0.0;9.3;9.3;4.5;13.8;71.0;107.0;156.0;0.7;Bayern Munich;0.6006674082313682;0.4655172413793104;0.225250278086763;0.6907675194660734;7.0;0;Aucun;;;;;;;
Dayot Upamecano;fr FRA;DF;26;0.0;20;1759.0;19.5;2.0;0.0;2.0;2.0;0.0;0.0;6.0;0.0;1.2;1.2;0.5;1.7;17.0;137.0;4.0;0.1;Bayern Munich;0.1023308698123934;0.061398521887436;0.0255827174530983;0.0869812393405344;4.0;0;Aucun;;;;;;;
Konrad Laimer;at AUT;DF;27;0.0;19;1699.0;18.9;2.0;2.0;4.0;2.0;0.0;0.0;8.0;0.0;2.1;2.1;2.7;4.8;87.0;141.0;113.0;0.21;Bayern Munich;0.1059446733372572;0.11124190700412;0.1430253090052972;0.2542672160094174;2.0;0;Aucun;;;;;;;
Raphaël Guerreiro;pt POR;DF,MF;31;0.0;19;1572.0;17.5;4.0;4.0;8.0;4.0;0.0;0.0;2.0;0.0;2.9;2.9;2.9;5.8;39.0;85.0;126.0;0.46;Bayern Munich;0.2290076335877862;0.166030534351145;0.166030534351145;0.3320610687022901;8.0;0;Aucun;;;;;;;
Aleksandar Pavlovic;de GER;MF;21;0.0;18;1451.0;16.1;1.0;0.0;1.0;1.0;0.0;0.0;2.0;0.0;0.6;0.6;0.2;0.8;15.0;128.0;33.0;0.06;Bayern Munich;0.062026188835286;0.0372157133011716;0.0124052377670572;0.0496209510682288;8.0;0;Aucun;;;;;;;
Leroy Sané;de GER;FW;29;0.0;17;1637.0;18.2;11.0;5.0;16.0;11.0;0.0;0.0;2.0;0.0;10.2;10.2;5.5;15.8;75.0;64.0;266.0;0.88;Bayern Munich;0.6047648136835675;0.5607819181429443;0.3023824068417837;0.8631643249847281;8.0;0;Aucun;;;;;;;
Alphonso Davies;ca CAN;DF;24;0.0;17;1560.0;17.3;1.0;2.0;3.0;1.0;0.0;0.0;0.0;0.0;1.2;1.2;1.6;2.8;81.0;120.0;140.0;0.17;Bayern Munich;0.0576923076923076;0.0692307692307692;0.0923076923076923;0.1615384615384615;10.0;0;Aucun;;;;;;;
Eric Dier;eng ENG;DF;31;0.0;16;1463.0;16.3;2.0;1.0;3.0;2.0;0.0;0.0;1.0;0.0;1.1;1.1;0.1;1.2;12.0;73.0;1.0;0.18;Bayern Munich;0.1230348598769651;0.0676691729323308;0.0061517429938482;0.073820915926179;9.0;0;Aucun;;;;;;;
Kingsley Coman;fr FRA;FW;28;0.0;14;1282.0;14.2;5.0;4.0;9.0;5.0;0.0;0.0;0.0;0.0;4.3;4.3;3.3;7.6;66.0;45.0;215.0;0.63;Bayern Munich;0.3510140405616225;0.3018720748829953;0.2316692667706708;0.5335413416536662;10.0;0;Aucun;;;;;;;
Leon Goretzka;de GER;MF,DF;30;0.0;13;1325.0;14.7;4.0;1.0;5.0;4.0;0.0;0.0;2.0;0.0;2.8;2.8;1.7;4.4;35.0;127.0;28.0;0.34;Bayern Munich;0.2716981132075471;0.190188679245283;0.1154716981132075;0.3056603773584906;8.0;0;Aucun;;;;;;;
Serge Gnabry;de GER;FW,MF;29;0.0;13;1242.0;13.8;7.0;5.0;12.0;7.0;0.0;1.0;0.0;0.0;7.5;6.8;5.1;11.9;44.0;48.0;149.0;0.87;Bayern Munich;0.5072463768115941;0.5434782608695652;0.3695652173913043;0.9130434782608696;10.0;0;Aucun;;;;;;;
Thomas Müller;de GER;MF,FW;35;0.0;12;1225.0;13.6;1.0;4.0;5.0;1.0;0.0;0.0;3.0;0.0;3.8;3.8;2.9;6.7;24.0;50.0;143.0;0.37;Bayern Munich;0.073469387755102;0.2791836734693877;0.2130612244897959;0.4922448979591836;7.0;0;Aucun;;;;;;;
Josip Stanišić;hr CRO;DF;25;0.0;9;876.0;9.7;0.0;2.0;2.0;0.0;0.0;0.0;0.0;0.0;0.3;0.3;1.5;1.8;20.0;76.0;30.0;0.21;Bayern Munich;0.0;0.0308219178082191;0.1541095890410959;0.184931506849315;10.0;0;Aucun;;;;;;;
Jonas Urbig;de GER;GK;21;0.0;8;720.0;8.0;0.0;0.0;0.0;0.0;0.0;0.0;0.0;0.0;0.0;0.0;0.0;0.0;0.0;3.0;0.0;0.0;Bayern Munich;0.0;0.0;0.0;0.0;10.0;0;Aucun;;;;;;;
João Palhinha;pt POR;MF;29;0.0;6;673.0;7.5;0.0;0.0;0.0;0.0;0.0;0.0;2.0;1.0;0.7;0.7;0.2;0.9;3.0;32.0;7.0;0.0;Bayern Munich;0.0;0.0936106983655274;0.0267459138187221;0.1203566121842496;5.0;0;Aucun;;;;;;;
Sacha Boey;fr FRA;DF;24;0.0;6;593.0;6.6;0.0;2.0;2.0;0.0;0.0;0.0;1.0;0.0;0.1;0.1;1.2;1.3;18.0;39.0;63.0;0.3;Bayern Munich;0.0;0.0151770657672849;0.1821247892074199;0.1973018549747049;9.0;0;Aucun;;;;;;;
Daniel Peretz;il ISR;GK;24;0.0;3;270.0;3.0;0.0;0.0;0.0;0.0;0.0;0.0;1.0;0.0;0.0;0.0;0.0;0.0;0.0;1.0;0.0;0.0;Bayern Munich;0.0;0.0;0.0;0.0;9.0;0;Aucun;;;;;;;
Hiroki Ito;jp JPN;DF;26;0.0;3;250.0;2.8;1.0;0.0;1.0;1.0;0.0;0.0;1.0;0.0;0.4;0.4;0.4;0.8;3.0;18.0;6.0;0.36;Bayern Munich;0.36;0.144;0.144;0.288;9.0;0;Aucun;;;;;;;
Mathys Tel;fr FRA;FW,MF;20;0.0;2;256.0;2.8;0.0;1.0;1.0;0.0;0.0;0.0;0.0;0.0;0.7;0.7;0.3;1.0;6.0;9.0;34.0;0.35;Bayern Munich;0.0;0.2460937499999999;0.1054687499999999;0.3515625;10.0;0;Aucun;;;;;;;
Sven Ulreich;de GER;GK;36;0.0;1;90.0;1.0;0.0;0.0;0.0;0.0;0.0;0.0;0.0;0.0;0.0;0.0;0.0;0.0;0.0;0.0;0.0;0.0;Bayern Munich;0.0;0.0;0.0;0.0;10.0;0;Aucun;;;;;;;
Gabriel Vidovic;hr CRO;MF;21;0.0;0;24.0;0.3;0.0;0.0;0.0;0.0;0.0;0.0;0.0;0.0;0.1;0.1;0.0;0.1;0.0;0.0;3.0;0.0;Bayern Munich;0.0;0.375;0.0;0.375;10.0;0;Aucun;;;;;;;
Adam Aznou;ma MAR;DF;18;0.0;0;17.0;0.2;0.0;0.0;0.0;0.0;0.0;0.0;0.0;0.0;0.0;0.0;0.0;0.0;0.0;1.0;2.0;0.0;Bayern Munich;0.0;0.0;0.0;0.0;10.0;0;Aucun;;;;;;;
Jonah Kusi-Asare;se SWE;FW;17;0.0;0;3.0;0.0;0.0;0.0;0.0;0.0;0.0;0.0;0.0;0.0;0.0;0.0;0.0;0.0;0.0;0.0;0.0;0.0;Bayern Munich;0.0;0.0;0.0;0.0;10.0;0;Aucun;;;;;;;
Arijon Ibrahimović;de GER;FW;19;0.0;0;1.0;0.0;0.0;0.0;0.0;0.0;0.0;0.0;0.0;0.0;0.0;0.0;0.0;0.0;0.0;0.0;0.0;0.0;Bayern Munich;0.0;0.0;0.0;0.0;10.0;0;Aucun;;;;;;;
Lennart Karl;de GER;MF;17;0.0;0;0.0;0.0;0.0;0.0;0.0;0.0;0.0;0.0;0.0;0.0;0.0;0.0;0.0;0.0;0.0;0.0;0.0;0.0;Bayern Munich;0.0;0.0;0.0;0.0;10.0;0;Aucun;;;;;;;
Wisdom Mike;de GER;FW;16;0.0;0;0.0;0.0;0.0;0.0;0.0;0.0;0.0;0.0;0.0;0.0;0.0;0.0;0.0;0.0;0.0;0.0;0.0;0.0;Bayern Munich;0.0;0.0;0.0;0.0;10.0;0;Aucun;;;;;;;
Noel Nkili;de GER;MF;19;0.0;0;0.0;0.0;0.0;0.0;0.0;0.0;0.0;0.0;0.0;0.0;0.0;0.0;0.0;0.0;0.0;0.0;0.0;0.0;Bayern Munich;0.0;0.0;0.0;0.0;10.0;0;Aucun;;;;;;;
Anthony Pavlesic;au AUS;GK;19;0.0;0;0.0;0.0;0.0;0.0;0.0;0.0;0.0;0.0;0.0;0.0;0.0;0.0;0.0;0.0;0.0;0.0;0.0;0.0;Bayern Munich;0.0;0.0;0.0;0.0;10.0;0;Aucun;;;;;;;
Max Schmitt;de GER;GK;19;0.0;0;0.0;0.0;0.0;0.0;0.0;0.0;0.0;0.0;0.0;0.0;0.0;0.0;0.0;0.0;0.0;0.0;0.0;0.0;Bayern Munich;0.0;0.0;0.0;0.0;10.0;0;Aucun;;;;;;;
Mohamed Salah;eg EGY;FW;32;0.0;37;3281.0;36.5;28.0;18.0;46.0;19.0;9.0;9.0;1.0;0.0;24.8;17.8;13.7;31.5;153.0;140.0;470.0;1.01;Liverpool;0.7680585187442853;0.680280402316367;0.3758000609570253;1.0560804632733922;9.0;0;Aucun;;;8.8;5.0;9.8;0.0;3.4
Virgil van Dijk;nl NED;DF;33;0.0;36;3240.0;36.0;3.0;1.0;4.0;3.0;0.0;0.0;4.0;0.0;2.2;2.2;0.7;3.0;18.0;182.0;6.0;0.11;Liverpool;0.0833333333333333;0.0611111111111111;0.0194444444444444;0.0805555555555555;6.0;0;Aucun;;;;;;;
Ryan Gravenberch;nl NED;MF;23;0.0;36;3093.0;34.4;0.0;4.0;4.0;0.0;0.0;0.0;5.0;0.0;1.1;1.1;2.9;4.0;67.0;174.0;54.0;0.12;Liverpool;0.0;0.032007759456838;0.084384093113482;0.11639185257032;5.0;0;Aucun;;;;;;;
Alexis Mac Allister;ar ARG;MF;26;0.0;30;2599.0;28.9;5.0;5.0;10.0;5.0;0.0;0.0;6.0;0.0;2.8;2.8;4.7;7.5;36.0;177.0;80.0;0.35;Liverpool;0.1731435167372066;0.0969603693728357;0.1627549057329742;0.2597152751058099;4.0;0;Aucun;;;;;;;
Ibrahima Konaté;fr FRA;DF;25;0.0;29;2500.0;27.8;1.0;2.0;3.0;1.0;0.0;0.0;5.0;0.0;1.7;1.7;1.0;2.7;21.0;109.0;3.0;0.11;Liverpool;0.036;0.0612;0.036;0.0972;5.0;0;Aucun;;;;;;;
Dominik Szoboszlai;hu HUN;MF;24;0.0;28;2432.0;27.0;6.0;6.0;12.0;6.0;0.0;0.0;6.0;0.0;7.3;7.3;7.3;14.6;71.0;124.0;124.0;0.44;Liverpool;0.2220394736842105;0.2701480263157895;0.2701480263157895;0.540296052631579;4.0;0;Aucun;;;;;;;
Andrew Robertson;sct SCO;DF;31;0.0;28;2398.0;26.6;0.0;1.0;1.0;0.0;0.0;0.0;3.0;1.0;1.2;1.2;4.6;5.8;62.0;167.0;97.0;0.04;Liverpool;0.0;0.0450375312760633;0.1726438698915763;0.2176814011676396;4.0;0;Aucun;;;;;;;
Trent Alexander-Arnold;eng ENG;DF;26;0.0;28;2320.0;25.8;3.0;6.0;9.0;3.0;0.0;0.0;5.0;0.0;1.9;1.9;6.7;8.6;50.0;228.0;90.0;0.35;Liverpool;0.1163793103448275;0.0737068965517241;0.2599137931034482;0.3336206896551724;5.0;0;Aucun;;;;;;;
Alisson;br BRA;GK;32;0.0;27;2418.0;26.9;0.0;0.0;0.0;0.0;0.0;0.0;0.0;0.0;0.0;0.0;0.6;0.6;0.0;1.0;0.0;0.0;Liverpool;0.0;0.0;0.0223325062034739;0.0223325062034739;10.0;0;Aucun;;;;;;;
Luis Díaz;co COL;FW;28;0.0;27;2331.0;25.9;13.0;5.0;18.0;13.0;0.0;0.0;2.0;0.0;11.3;11.3;5.0;16.3;108.0;108.0;284.0;0.69;Liverpool;0.5019305019305019;0.4362934362934363;0.193050193050193;0.6293436293436294;8.0;0;Aucun;;;;;;;
Cody Gakpo;nl NED;FW;26;0.0;22;1845.0;20.5;10.0;3.0;13.0;10.0;0.0;0.0;5.0;0.0;7.0;7.0;4.0;11.0;56.0;52.0;259.0;0.63;Liverpool;0.4878048780487805;0.3414634146341463;0.1951219512195122;0.5365853658536586;5.0;0;Aucun;;;;;;;
Curtis Jones;eng ENG;MF,DF;24;0.0;18;1621.0;18.0;3.0;3.0;6.0;3.0;0.0;0.0;3.0;1.0;4.3;4.3;1.1;5.4;28.0;104.0;76.0;0.33;Liverpool;0.1665638494756323;0.2387415175817396;0.0610734114743985;0.2998149290561381;4.0;0;Aucun;;;;;;;
Diogo Jota;pt POR;FW;28;0.0;14;1166.0;13.0;6.0;3.0;9.0;6.0;0.0;0.0;2.0;0.0;7.6;7.6;1.8;9.4;37.0;33.0;87.0;0.69;Liverpool;0.4631217838765008;0.5866209262435678;0.1389365351629502;0.725557461406518;8.0;0;Aucun;;;;;;;
Caoimhín Kelleher;ie IRL;GK;26;0.0;10;900.0;10.0;0.0;0.0;0.0;0.0;0.0;0.0;0.0;0.0;0.0;0.0;0.0;0.0;0.0;0.0;0.0;0.0;Liverpool;0.0;0.0;0.0;0.0;10.0;0;Aucun;;;;;;;
Kostas Tsimikas;gr GRE;DF;29;0.0;9;837.0;9.3;0.0;1.0;1.0;0.0;0.0;0.0;2.0;0.0;0.4;0.4;2.1;2.5;17.0;76.0;43.0;0.11;Liverpool;0.0;0.043010752688172;0.2258064516129032;0.2688172043010752;8.0;0;Aucun;;;;;;;
Darwin Núñez;uy URU;FW;25;0.0;8;1103.0;12.3;5.0;2.0;7.0;5.0;0.0;0.0;8.0;0.0;5.3;5.3;1.3;6.6;23.0;27.0;76.0;0.57;Liverpool;0.4079782411604714;0.4324569356300997;0.1060743427017225;0.5385312783318222;2.0;0;Aucun;;;;;;;
Conor Bradley;nir NIR;DF;21;0.0;6;709.0;7.9;0.0;2.0;2.0;0.0;0.0;0.0;4.0;0.0;0.7;0.7;1.4;2.1;32.0;28.0;33.0;0.25;Liverpool;0.0;0.0888575458392101;0.1777150916784202;0.2665726375176304;6.0;0;Aucun;;;;;;;
Joe Gomez;eng ENG;DF;27;0.0;6;519.0;5.8;0.0;0.0;0.0;0.0;0.0;0.0;1.0;0.0;0.3;0.3;0.1;0.4;5.0;35.0;2.0;0.0;Liverpool;0.0;0.0520231213872832;0.0173410404624277;0.0693641618497109;9.0;0;Aucun;;;;;;;
Jarell Quansah;eng ENG;DF;22;0.0;4;495.0;5.5;0.0;0.0;0.0;0.0;0.0;0.0;2.0;0.0;0.1;0.1;0.1;0.2;3.0;19.0;4.0;0.0;Liverpool;0.0;0.0181818181818181;0.0181818181818181;0.0363636363636363;8.0;0;Aucun;;;;;;;
Harvey Elliott;eng ENG;MF,FW;22;0.0;2;365.0;4.1;1.0;2.0;3.0;1.0;0.0;0.0;1.0;0.0;1.8;1.8;1.1;2.8;10.0;44.0;30.0;0.74;Liverpool;0.2465753424657534;0.4438356164383562;0.2712328767123288;0.7150684931506851;9.0;0;Aucun;;;;;;;
Wataru Endo;jp JPN;MF,DF;32;0.0;1;251.0;2.8;0.0;0.0;0.0;0.0;0.0;0.0;0.0;0.0;0.0;0.0;0.1;0.1;1.0;15.0;7.0;0.0;Liverpool;0.0;0.0;0.0358565737051792;0.0358565737051792;10.0;0;Aucun;;;;;;;
Federico Chiesa;it ITA;FW;27;0.0;1;108.0;1.2;0.0;0.0;0.0;0.0;0.0;0.0;0.0;0.0;0.3;0.3;0.2;0.5;3.0;3.0;7.0;0.0;Liverpool;0.0;0.25;0.1666666666666666;0.4166666666666667;10.0;0;Aucun;;;;;;;
Vitezslav Jaros;cz CZE;GK;23;0.0;0;12.0;0.1;0.0;0.0;0.0;0.0;0.0;0.0;0.0;0.0;0.0;0.0;0.0;0.0;0.0;0.0;0.0;0.0;Liverpool;0.0;0.0;0.0;0.0;10.0;0;Aucun;;;;;;;
Jayden Danns;eng ENG;MF;19;0.0;0;11.0;0.1;0.0;0.0;0.0;0.0;0.0;0.0;0.0;0.0;0.0;0.0;0.0;0.0;0.0;0.0;0.0;0.0;Liverpool;0.0;0.0;0.0;0.0;10.0;0;Aucun;;;;;;;
Harvey Davies;eng ENG;GK;21;0.0;0;0.0;0.0;0.0;0.0;0.0;0.0;0.0;0.0;0.0;0.0;0.0;0.0;0.0;0.0;0.0;0.0;0.0;0.0;Liverpool;0.0;0.0;0.0;0.0;10.0;0;Aucun;;;;;;;
James McConnell;eng ENG;MF;20;0.0;0;0.0;0.0;0.0;0.0;0.0;0.0;0.0;0.0;0.0;0.0;0.0;0.0;0.0;0.0;0.0;0.0;0.0;0.0;Liverpool;0.0;0.0;0.0;0.0;10.0;0;Aucun;;;;;;;
Tyler Morton;eng ENG;MF;22;0.0;0;0.0;0.0;0.0;0.0;0.0;0.0;0.0;0.0;0.0;0.0;0.0;0.0;0.0;0.0;0.0;0.0;0.0;0.0;Liverpool;0.0;0.0;0.0;0.0;10.0;0;Aucun;;;;;;;
Amara Nallo;eng ENG;DF;18;0.0;0;0.0;0.0;0.0;0.0;0.0;0.0;0.0;0.0;0.0;0.0;0.0;0.0;0.0;0.0;0.0;0.0;0.0;0.0;Liverpool;0.0;0.0;0.0;0.0;10.0;0;Aucun;;;;;;;
Trey Nyoni;eng ENG;MF;17;0.0;0;0.0;0.0;0.0;0.0;0.0;0.0;0.0;0.0;0.0;0.0;0.0;0.0;0.0;0.0;0.0;0.0;0.0;0.0;Liverpool;0.0;0.0;0.0;0.0;10.0;0;Aucun;;;;;;;
Bernd Leno;de GER;GK;33;0.0;37;3330.0;37.0;0.0;1.0;1.0;0.0;0.0;0.0;5.0;0.0;0.0;0.0;0.1;0.1;0.0;0.0;0.0;0.03;Inter Milan;0.0;0.0;0.0027027027027027;0.0027027027027027;5.0;0;Aucun;;;;;;;
Alex Iwobi;ng NGA;FW,MF;29;0.0;35;2951.0;32.8;9.0;6.0;15.0;9.0;0.0;0.0;1.0;0.0;4.7;4.7;7.0;11.7;141.0;208.0;237.0;0.46;Inter Milan;0.2744832260250762;0.1433412402575398;0.2134869535750592;0.356828193832599;9.0;0;Aucun;;;;;;;
Antonee Robinson;us USA;DF;27;0.0;34;3077.0;34.2;0.0;10.0;10.0;0.0;0.0;0.0;8.0;0.0;0.7;0.7;4.2;4.9;117.0;127.0;269.0;0.29;Inter Milan;0.0;0.0204744881377965;0.1228469288267793;0.1433214169645759;2.0;0;Aucun;;;;;;;
Calvin Bassey;ng NGA;DF;25;0.0;34;3074.0;34.2;1.0;0.0;1.0;1.0;0.0;0.0;7.0;0.0;1.0;1.0;0.1;1.2;39.0;116.0;15.0;0.03;Inter Milan;0.029277813923227;0.029277813923227;0.0029277813923227;0.0322055953155497;3.0;0;Aucun;;;;;;;
Raúl Jiménez;mx MEX;FW;34;0.0;29;2404.0;26.7;12.0;3.0;15.0;9.0;3.0;3.0;4.0;0.0;11.7;9.4;3.3;12.7;35.0;61.0;124.0;0.45;Inter Milan;0.4492512479201331;0.4380199667221297;0.1235440931780366;0.5615640599001663;6.0;0;Aucun;;;;;;;
Joachim Andersen;dk DEN;DF;28;0.0;28;2493.0;27.7;0.0;0.0;0.0;0.0;0.0;0.0;6.0;1.0;1.0;1.0;0.3;1.4;16.0;111.0;2.0;0.0;Inter Milan;0.0;0.0361010830324909;0.0108303249097472;0.0469314079422382;1.0;0;Aucun;;;;;;;
Saša Lukić;rs SRB;MF;28;0.0;27;2259.0;25.1;0.0;2.0;2.0;0.0;0.0;0.0;12.0;0.0;1.2;1.2;2.7;3.9;39.0;94.0;31.0;0.08;Inter Milan;0.0;0.047808764940239;0.1075697211155378;0.1553784860557769;0.0;0;Aucun;;;;;;;
Sander Berge;no NOR;MF;27;0.0;26;2219.0;24.7;0.0;0.0;0.0;0.0;0.0;0.0;6.0;0.0;0.2;0.2;0.6;0.8;29.0;120.0;9.0;0.0;Inter Milan;0.0;0.0081117620549797;0.0243352861649391;0.0324470482199188;4.0;0;Aucun;;;;;;;
Emile Smith Rowe;eng ENG;MF;24;0.0;25;2013.0;22.4;6.0;3.0;9.0;6.0;0.0;0.0;3.0;0.0;4.5;4.5;1.4;5.9;53.0;122.0;123.0;0.4;Inter Milan;0.2682563338301043;0.2011922503725782;0.0625931445603576;0.2637853949329359;7.0;0;Aucun;;;;;;;
Andreas Pereira;br BRA;MF;29;0.0;24;1953.0;21.7;2.0;4.0;6.0;2.0;0.0;1.0;7.0;0.0;3.5;2.7;4.5;7.2;29.0;103.0;80.0;0.28;Inter Milan;0.0921658986175115;0.1612903225806451;0.2073732718894009;0.3686635944700461;3.0;0;Aucun;;;;;;;
Kenny Tete;nl NED;DF;29;0.0;20;1684.0;18.7;0.0;2.0;2.0;0.0;0.0;0.0;5.0;0.0;1.3;1.3;0.9;2.2;34.0;62.0;53.0;0.11;Inter Milan;0.0;0.0694774346793349;0.0480997624703087;0.1175771971496437;5.0;0;Aucun;;;;;;;
Adama Traoré;es ESP;FW,MF;29;0.0;17;1699.0;18.9;2.0;7.0;9.0;2.0;0.0;0.0;3.0;0.0;3.9;3.9;4.9;8.8;99.0;67.0;156.0;0.48;Inter Milan;0.1059446733372572;0.2065921130076515;0.2595644496762802;0.4661565626839318;7.0;0;Aucun;;;;;;;
Timothy Castagne;be BEL;DF;29;0.0;17;1649.0;18.3;0.0;1.0;1.0;0.0;0.0;0.0;1.0;0.0;0.4;0.4;1.2;1.6;17.0;62.0;67.0;0.05;Inter Milan;0.0;0.0218314129775621;0.0654942389326864;0.0873256519102486;9.0;0;Aucun;;;;;;;
Issa Diop;fr FRA;DF;28;0.0;15;1339.0;14.9;0.0;0.0;0.0;0.0;0.0;0.0;2.0;0.0;0.5;0.5;0.1;0.6;6.0;25.0;3.0;0.0;Inter Milan;0.0;0.0336071695294996;0.0067214339058999;0.0403286034353995;8.0;0;Aucun;;;;;;;
Harry Wilson;wls WAL;FW,MF;28;0.0;11;1102.0;12.2;6.0;1.0;7.0;6.0;0.0;0.0;2.0;0.0;4.0;4.0;1.1;5.1;18.0;50.0;94.0;0.57;Inter Milan;0.4900181488203267;0.3266787658802178;0.0898366606170599;0.4165154264972777;8.0;0;Aucun;;;;;;;
Rodrigo Muniz;br BRA;FW;24;0.0;8;964.0;10.7;8.0;1.0;9.0;8.0;0.0;0.0;1.0;0.0;5.8;5.8;0.7;6.5;6.0;27.0;31.0;0.84;Inter Milan;0.7468879668049793;0.54149377593361;0.0653526970954356;0.6068464730290457;9.0;0;Aucun;;;;;;;
Ryan Sessegnon;eng ENG;FW,DF;25;0.0;7;563.0;6.3;4.0;2.0;6.0;4.0;0.0;0.0;1.0;0.0;1.6;1.6;1.0;2.6;15.0;20.0;56.0;0.96;Inter Milan;0.6394316163410302;0.2557726465364121;0.1598579040852575;0.4156305506216696;9.0;0;Aucun;;;;;;;
Reiss Nelson;eng ENG;FW;25;0.0;5;487.0;5.4;1.0;1.0;2.0;1.0;0.0;0.0;1.0;0.0;1.1;1.1;1.0;2.1;45.0;35.0;63.0;0.37;Inter Milan;0.1848049281314168;0.2032854209445585;0.1848049281314168;0.3880903490759753;9.0;0;Aucun;;;;;;;
Jorge Cuenca;es ESP;DF;25;0.0;3;261.0;2.9;0.0;0.0;0.0;0.0;0.0;0.0;0.0;0.0;0.0;0.0;0.0;0.0;0.0;9.0;0.0;0.0;Inter Milan;0.0;0.0;0.0;0.0;10.0;0;Aucun;;;;;;;
Tom Cairney;sct SCO;MF;34;0.0;2;555.0;6.2;2.0;0.0;2.0;2.0;0.0;0.0;3.0;1.0;0.5;0.5;1.0;1.5;17.0;51.0;33.0;0.32;Inter Milan;0.3243243243243243;0.081081081081081;0.1621621621621621;0.2432432432432432;4.0;0;Aucun;;;;;;;
Willian;br BRA;FW,MF;36;0.0;2;257.0;2.9;0.0;0.0;0.0;0.0;0.0;0.0;0.0;0.0;0.3;0.3;0.5;0.8;11.0;40.0;33.0;0.0;Inter Milan;0.0;0.1050583657587548;0.1750972762645914;0.2801556420233463;10.0;0;Aucun;;;;;;;
Joshua King;eng ENG;MF;18;0.0;1;113.0;1.3;0.0;0.0;0.0;0.0;0.0;0.0;0.0;0.0;0.2;0.2;0.4;0.7;3.0;7.0;15.0;0.0;Inter Milan;0.0;0.1592920353982301;0.3185840707964602;0.4778761061946903;10.0;0;Aucun;;;;;;;
Harrison Reed;eng ENG;MF;30;0.0;0;108.0;1.2;0.0;0.0;0.0;0.0;0.0;0.0;2.0;0.0;0.2;0.2;0.1;0.3;1.0;4.0;7.0;0.0;Inter Milan;0.0;0.1666666666666666;0.0833333333333333;0.25;8.0;0;Aucun;;;;;;;
Martial Godo;eng ENG;FW,DF;22;0.0;0;24.0;0.3;0.0;0.0;0.0;0.0;0.0;0.0;0.0;0.0;0.0;0.0;0.1;0.1;2.0;3.0;6.0;0.0;Inter Milan;0.0;0.0;0.375;0.375;10.0;0;Aucun;;;;;;;
Carlos Vinícius;br BRA;MF,FW;30;0.0;0;16.0;0.2;0.0;0.0;0.0;0.0;0.0;0.0;0.0;0.0;0.0;0.0;0.0;0.0;1.0;0.0;3.0;0.0;Inter Milan;0.0;0.0;0.0;0.0;10.0;0;Aucun;;;;;;;
Jay Stansfield;eng ENG;MF;22;0.0;0;1.0;0.0;0.0;0.0;0.0;0.0;0.0;0.0;0.0;0.0;0.0;0.0;0.0;0.0;0.0;0.0;0.0;0.0;Inter Milan;0.0;0.0;0.0;0.0;10.0;0;Aucun;;;;;;;
Samuel Amissah;eng ENG;DF;18;0.0;0;0.0;0.0;0.0;0.0;0.0;0.0;0.0;0.0;0.0;0.0;0.0;0.0;0.0;0.0;0.0;0.0;0.0;0.0;Inter Milan;0.0;0.0;0.0;0.0;10.0;0;Aucun;;;;;;;
Steven Benda;de GER;GK;26;0.0;0;0.0;0.0;0.0;0.0;0.0;0.0;0.0;0.0;0.0;0.0;0.0;0.0;0.0;0.0;0.0;0.0;0.0;0.0;Inter Milan;0.0;0.0;0.0;0.0;10.0;0;Aucun;;;;;;;
